Date,Close,High,Low,Open,Volume,SMA150,Signal,Position
2023-01-03,30.33084487915039,31.69852528050692,29.8656478500274,31.465926765945422,11467600,,0,0.0
2023-01-04,31.27984619140625,31.661307600478096,30.4238853902388,30.47040438175068,8497300,,0,0.0
2023-01-05,31.19610977172852,31.48453319023888,30.935600586733,30.935600586733,5208000,,0,0.0
2023-01-06,32.63822937011719,32.68474836904348,30.544842475885208,30.703007782069008,10662800,,0,0.0
2023-01-09,33.30221176147461,33.601473132381344,32.65692653188195,32.83461542349822,7866300,,0,0.0
2023-01-10,33.863319396972656,33.89137759771415,32.92812690171812,33.189983226273235,5432900,,0,0.0
2023-01-11,33.63888168334961,34.05971553339337,33.152581063934235,33.30221174933305,8963700,,0,0.0
2023-01-12,34.57406997680664,34.620828891165296,33.769803806922376,34.13452833338699,8037300,,0,0.0
2023-01-13,34.5927848815918,34.62083952532898,33.57342453856902,33.69499703974853,5585800,,0,0.0
2023-01-17,34.63954162597656,34.69565090991273,34.07842381427338,34.59278270020397,6791000,,0,0.0
2023-01-18,33.947486877441406,35.26610815356386,33.47989062963236,35.191294609002064,9224300,,0,0.0
2023-01-19,34.0877685546875,34.30286240926452,33.4144287890715,33.6669312011775,5490200,,0,0.0
2023-01-20,34.65824508666992,34.70500401133202,34.08777693035142,34.43379725382367,5762900,,0,0.0
2023-01-23,34.31222152709961,34.78917183870019,34.162590826249435,34.73305898807738,6098600,,0,0.0
2023-01-24,34.30287170410156,34.583428826636926,34.05971958175418,34.12518635890722,3900300,,0,0.0
2023-01-25,34.480552673339844,34.50861087926665,33.91008457501269,34.05971525920695,6402600,,0,0.0
2023-01-26,33.386375427246094,33.99424845661838,32.56340496762155,33.66693248445458,16712000,,0,0.0
2023-01-27,33.891380310058594,34.04101097857529,33.152577323486426,33.180631958996884,8196500,,0,0.0
2023-01-30,33.17129135131836,34.499263478732054,33.14323314008565,33.6669424175393,6983000,,0,0.0
2023-01-31,33.451839447021484,33.732396511152025,33.18998666282986,33.28350449504784,5602200,,0,0.0
2023-02-01,33.3209228515625,33.78851928508297,32.87203070348017,33.19934677995343,9279100,,0,0.0
2023-02-02,34.43379592895508,34.8920419349577,33.22739645471288,33.38638107341968,9675900,,0,0.0
2023-02-03,33.9942512512207,34.39638437435285,33.93814197565229,34.03165981325086,4831100,,0,0.0
2023-02-06,33.685646057128906,33.9942578349551,33.517311062868245,33.66694177249133,4388700,,0,0.0
2023-02-07,33.84461975097656,34.04101291314052,33.26480132345761,33.573416601517586,5404900,,0,0.0
2023-02-08,33.012298583984375,33.75110160575978,33.00294822752753,33.60147093011333,5489000,,0,0.0
2023-02-09,32.59146499633789,33.51730736255854,32.57276428124239,33.18999133623045,5911400,,0,0.0
2023-02-10,32.32960891723633,32.48859351934328,31.918125444537534,32.26414571856781,4808700,,0,0.0
2023-02-13,32.797203063964844,32.91877909665973,32.2454393063207,32.329606780113075,3686000,,0,0.0
2023-02-14,33.20868682861328,33.348967142107576,32.5166463196487,32.80655730271452,5334900,,0,0.0
2023-02-15,33.405086517333984,33.52665900750865,32.77850551326074,32.87202692971501,5124600,,0,0.0
2023-02-16,33.11517333984375,33.18999046817747,32.61952235080246,33.10582298254055,5566900,,0,0.0
2023-02-17,33.06840896606445,33.18063107258486,32.72238872326529,33.04035433130346,4250800,,0,0.0
2023-02-21,31.57210350036621,32.703689361375254,31.422472813349387,32.57276295617015,6613300,,0,0.0
2023-02-22,31.42247200012207,31.796550491721312,31.188673834741767,31.497289125432676,5611200,,0,0.0
2023-02-23,31.45987701416016,31.72172978825697,31.216728519281183,31.590803401208564,6215100,,0,0.0
2023-02-24,31.39441299438477,31.43182155183592,30.889408171223412,31.001633843576865,5343000,,0,0.0
2023-02-27,31.366357803344727,31.90876760685415,31.31959889109886,31.796545503968808,4815300,,0,0.0
2023-02-28,31.403778076171875,31.768502722227005,31.17933021918844,31.403778076171875,5244400,,0,0.0
2023-03-01,31.469240188598636,31.64692554218801,31.27284698281533,31.375718765016696,3639500,,0,0.0
2023-03-02,31.72173309326172,31.731087017583445,31.169972852493107,31.23543605283775,3936700,,0,0.0
2023-03-03,31.964879989624023,32.22673274847583,31.703027230772214,31.983584267752907,3871900,,0,0.0
2023-03-06,31.57210350036621,32.24544337568042,31.422472813349387,32.05840412504014,5682200,,0,0.0
2023-03-07,31.37466049194336,32.06101016320615,31.30884638556198,31.63792050406867,7739300,,0,0.0
2023-03-08,31.872974395751957,31.891775353385245,31.393467484301127,31.449881117001247,5850400,,0,0.0
2023-03-09,31.10200309753418,32.324269665243136,30.848147154097745,31.863567341243737,8594100,,0,0.0
2023-03-10,30.8105411529541,31.054993056322928,30.10538687947465,30.88575574375985,13423400,,0,0.0
2023-03-13,29.202789306640625,30.387448734941707,29.127572920397704,30.22761548331309,12036000,,0,0.0
2023-03-14,28.70447158813477,29.992551985501507,28.318987516517023,29.70108881280749,15141200,,0,0.0
2023-03-15,27.95231056213379,28.48822743853377,27.651445073158342,28.140352389393325,12768800,,0,0.0
2023-03-16,28.65746688842773,28.760890080560284,27.670251704016703,27.8018799170582,9480400,,0,0.0
2023-03-17,28.234373092651367,28.582248139199823,27.952310353863684,28.413010854587164,7742700,,0,0.0
2023-03-20,28.281381607055664,28.563442542117315,28.065134770621757,28.20616523815258,5734100,,0,0.0
2023-03-21,29.183982849121094,29.306208788757417,28.554045021841876,28.71388004647391,6676800,,0,0.0
2023-03-22,28.281381607055664,29.466040762254035,28.27197933678032,29.277998943346475,5687100,,0,0.0
2023-03-23,27.84889030456543,28.676270432922408,27.54802301004487,28.525837682312048,4993300,,0,0.0
2023-03-24,27.858295440673828,27.91470907656082,27.21895704032257,27.53862713714827,6308100,,0,0.0
2023-03-27,28.34720039367676,28.55404678734278,28.02753032464744,28.30959309965565,5115900,,0,0.0
2023-03-28,28.798498153686523,28.873714533649565,28.3377976022504,28.34719987390827,4056300,,0,0.0
2023-03-29,29.5600643157959,29.56946658691226,29.024147415262263,29.146373353175257,4730900,,0,0.0
2023-03-30,29.91734313964844,30.24641367858805,29.842126760276532,29.89853859648048,5097100,,0,0.0
2023-03-31,30.59429359436035,30.622498616962027,30.15239577840062,30.246414911472893,5193400,,0,0.0
2023-04-03,29.79511260986328,30.396845345525204,29.74810125917894,30.15238990856596,6081300,,0,0.0
2023-04-04,29.823320388793945,30.114783616829463,29.42843397297493,30.048969513076266,4715500,,0,0.0
2023-04-05,29.691694259643555,29.7199010746407,29.240395979488987,29.522456956260605,4196400,,0,0.0
2023-04-06,29.701095581054688,29.93614698527747,29.484848719561704,29.870332879023078,2979700,,0,0.0
2023-04-10,30.246414184570312,30.265218728052847,29.51305492175112,29.578869030640025,4487400,,0,0.0
2023-04-11,30.754121780395508,30.97036862018001,30.142990342726108,30.321628100826494,6179500,,0,0.0
2023-04-12,30.312232971191406,30.6413035274813,29.437839600778155,30.556684872063887,12377200,,0,0.0
2023-04-13,30.28401756286621,30.725915284906304,29.804514347549784,30.707110744968507,8621400,,0,0.0
2023-04-14,29.776309967041016,30.46266138437182,29.597670409656303,30.359238199575444,6606200,,0,0.0
2023-04-17,30.378040313720703,30.434450347029845,29.78570985777983,29.91733805096685,4447600,,0,0.0
2023-04-18,30.14299201965332,30.70711392990076,29.193382380597257,30.65070030423616,21631400,,0,0.0
2023-04-19,30.509672164916992,30.688309936146137,29.879734346809343,29.954950722405783,6395200,,0,0.0
2023-04-20,30.28401756286621,30.716511221637774,30.152389369900888,30.340431182679605,5003100,,0,0.0
2023-04-21,30.22761344909668,30.51907490871101,30.00196251225336,30.38744668996906,4329500,,0,0.0
2023-04-24,30.237010955810547,30.52847597337867,29.813917732437343,30.331030078071432,4586500,,0,0.0
2023-04-25,29.41903686523437,30.086582043541437,29.249799554311448,29.92674700470312,4956000,,0,0.0
2023-04-26,29.052350997924805,29.84212379962604,29.024145979271037,29.30620692560729,6638100,,0,0.0
2023-04-27,28.09334373474121,28.243778286980334,27.08732398684796,27.736066380585644,23081000,,0,0.0
2023-04-28,28.47882843017578,28.68567301619121,27.83948833647374,28.093342485079077,10931200,,0,0.0
2023-05-01,28.760894775390625,28.845513438530137,28.29079188830454,28.47883376045905,7183300,,0,0.0
2023-05-02,28.16855812072754,28.760888636268906,27.8394876046488,28.723279552545723,6812100,,0,0.0
2023-05-03,28.94893455505371,29.296809662104145,28.159161618371567,28.281387571127105,8755300,,0,0.0
2023-05-04,27.53862571716309,28.901922901399843,27.519821172837048,28.79849970090669,8760200,,0,0.0
2023-05-05,27.886499404907227,28.10274627377773,27.83948983977884,27.84889211146451,5809000,,0,0.0
2023-05-08,27.8206844329834,28.09334313020589,27.689056220069084,27.73606578373851,6960100,,0,0.0
2023-05-09,27.858295440673828,27.961718646499836,27.463408955965622,27.71726493755664,4653900,,0,0.0
2023-05-10,27.491613388061523,28.20616990758296,27.049717371764054,28.20616990758296,7088200,,0,0.0
2023-05-11,27.237754821777344,27.378787092458094,27.059117053968077,27.31297119593383,5568900,,0,0.0
2023-05-12,26.918087005615234,27.378789352821087,26.701840136224707,27.350582537696248,5101500,,0,0.0
2023-05-15,27.312971115112305,27.3693847405376,26.786456497574907,26.87107514241304,5574500,,0,0.0
2023-05-16,26.83346939086914,27.416395873960116,26.82406711942575,27.115530360971235,5016900,,0,0.0
2023-05-17,28.09334373474121,28.21557147219176,26.993303064185987,27.11553080163653,8269400,,0,0.0
2023-05-18,28.16855812072754,28.262579036735676,27.67025031449413,27.942908998287912,7223200,,0,0.0
2023-05-19,27.717260360717773,28.262579531144656,27.660848527445985,28.206167697872864,4717700,,0,0.0
2023-05-22,27.56682777404785,27.999323280508147,27.359983188618926,27.999323280508147,4655900,,0,0.0
2023-05-23,27.717260360717773,28.366002719892805,27.58563215198365,27.651446256350717,5819400,,0,0.0
2023-05-24,27.209552764892575,27.66085105896944,27.087325022767587,27.585634676623293,6072400,,0,0.0
2023-05-25,27.491613388061523,27.66085069443502,27.15313877531453,27.19074786264197,5832700,,0,0.0
2023-05-26,27.877098083496094,28.074542209025687,27.50101616974927,27.50101616974927,4414400,,0,0.0
2023-05-30,28.01812744140625,28.43181842641076,27.867694682004604,28.05573652790664,5567600,,0,0.0
2023-05-31,28.08393859863281,28.337792716427693,27.87709224442262,28.30018542958016,7024100,,0,0.0
2023-06-01,27.369386672973636,28.290787767045245,27.341179858269424,28.290787767045245,8699100,,0,0.0
2023-06-02,28.27198600769043,28.817305259233404,27.57623398284595,27.6514503694967,9546100,,0,0.0
2023-06-05,28.206167221069336,28.45062088551458,28.11214630500581,28.45062088551458,4999500,,0,0.0
2023-06-06,28.572847366333008,28.63866147084344,27.91470452792884,27.98992090355502,4460900,,0,0.0
2023-06-07,28.94893455505371,28.977139578528032,28.591655382445087,28.789099513265658,5088700,,0,0.0
2023-06-08,28.760894775390625,29.06176033619769,28.591657449111604,28.93013210166965,4483800,,0,0.0
2023-06-09,28.789098739624023,29.08056199859333,28.704480084874863,28.86431512236772,5313700,,0,0.0
2023-06-12,29.5788688659668,29.9643548320128,29.11816831300933,29.13697285638717,8837200,,0,0.0
2023-06-13,30.509672164916992,30.584886747213584,29.69169251116831,29.71989932450442,8559500,,0,0.0
2023-06-14,31.56269645690918,31.62851055103781,30.72591418590311,30.75411920150134,14745200,,0,0.0
2023-06-15,31.93878173828125,32.02340037609763,31.45927492845533,31.525089026023696,11142500,,0,0.0
2023-06-16,32.20204544067383,32.35247821021735,31.788356221079177,32.145631807119955,8743400,,0,0.0
2023-06-20,32.580108642578125,32.74078629320586,32.00355263870551,32.050810559152005,8930900,,0,0.0
2023-06-21,32.46669006347656,32.59901730788125,32.060265398105464,32.57065966702016,7216500,,0,0.0
2023-06-22,32.4005241394043,32.51394747738219,32.022457162789514,32.50449372977656,4663200,,0,0.0
2023-06-23,32.06971740722656,32.202041038904355,31.682196654935066,31.776712504548197,6016400,,0,0.0
2023-06-26,32.13587951660156,32.58011194604777,31.9941021353383,32.16423355063478,5842200,,0,0.0
2023-06-27,33.31734848022461,33.50638380264063,32.126432078436814,32.1831401512774,7819400,,0,0.0
2023-06-28,33.52528762817383,33.6008995936592,33.03379723309784,33.37406009165421,7692200,,0,0.0
2023-06-29,33.978965759277344,33.99786964954436,33.33624791239247,33.525283209514214,8144800,,0,0.0
2023-06-30,34.224708557128906,34.25306619483588,33.93170727669413,34.0262231209218,7172200,,0,0.0
2023-07-03,35.00920486450195,35.09427056919704,34.05457822230729,34.05457822230729,4233200,,0,0.0
2023-07-05,35.1793327331543,35.32110648967785,34.451549245246134,34.92413564475418,8215400,,0,0.0
2023-07-06,35.06591033935547,35.07536408670547,34.52716211794764,34.829617133280166,7281900,,0,0.0
2023-07-07,35.529056549072266,35.91657737122403,35.11318168803475,35.122631832480266,5735000,,0,0.0
2023-07-10,36.3040885925293,36.33244262391664,35.566854932072346,35.58575882151332,7516700,,0,0.0
2023-07-11,37.0318717956543,37.13584138392009,36.32299217262194,36.35134620376781,8125100,,0,0.0
2023-07-12,36.43641662597656,37.36268568747789,36.37025480769423,37.23036205091323,9541100,,0,0.0
2023-07-13,35.00920486450195,37.08858595273299,34.99975111645336,37.069682062184256,14500600,,0,0.0
2023-07-14,34.366485595703125,35.12262315883583,34.186900445644646,34.97139564620929,9121000,,0,0.0
2023-07-17,34.28141784667969,34.55551882367553,34.14909423172945,34.300321735322306,4790900,,0,0.0
2023-07-18,34.72565460205078,34.73510474479168,33.91280531548898,34.05457908989369,5258500,,0,0.0
2023-07-19,35.30220413208008,35.36836594243678,34.70674783886977,34.71619798082862,6488700,,0,0.0
2023-07-20,35.04701614379883,35.29275953436424,34.51771797224797,35.11317796454909,6318800,,0,0.0
2023-07-21,35.20769500732422,35.42508436933444,34.80127032013804,35.29276072337595,4648700,,0,0.0
2023-07-24,35.16043472290039,35.34947003541761,34.87688355689892,34.96194926725423,6093400,,0,0.0
2023-07-25,33.58198547363281,34.1112834930302,32.91091371004619,33.93170197483805,13980300,,0,0.0
2023-07-26,34.271968841552734,34.375938440698626,33.44021925948278,33.74267430851705,10660900,,0,0.0
2023-07-27,31.209613800048828,31.965751500922877,30.86935093326827,31.965751500922877,33284400,,0,0.0
2023-07-28,31.852325439453125,31.861775581414964,30.9071525991462,30.973314409523823,12511200,,0,0.0
2023-07-31,32.287109375,32.59901819411026,31.606583664613137,31.606583664613137,10006400,,0,0.0
2023-08-01,31.59712791442871,32.03190654978374,31.23796123039498,32.00355251873178,8903200,,0,0.0
2023-08-02,31.540422439575195,31.76726554917497,31.237967363808103,31.237967363808103,7348000,,0,0.0
2023-08-03,30.49127578735352,31.209609201503543,30.38730979831062,30.77483053825657,10735000,,0,0.0
2023-08-04,30.93551254272461,31.124547868022542,30.566895641445548,30.746477217426676,8305700,,0,0.0
2023-08-07,31.162351608276367,31.18125549890669,30.39676026271611,30.878796854369885,8037200,,0,0.0
2023-08-08,31.890138626098636,32.07917034177606,30.76538044785406,30.82209212588661,8051300,31.22864367167155,1,1.0
2023-08-09,31.78616714477539,31.937394671729045,31.45535445074957,31.757809504656883,8101500,31.23834582010905,1,1.0
2023-08-10,31.98465156555176,32.25875257604255,31.521515251082874,32.05081338111181,8003700,31.243044522603352,1,1.0
2023-08-11,31.852325439453125,32.06971476005793,31.58767459239437,31.95629502877461,5061400,31.247419293721517,1,1.0
2023-08-14,31.691650390625,31.84287793048011,31.52151895759438,31.691650390625,4164300,31.24110876719157,1,1.0
2023-08-15,31.30412483215332,31.49316012960181,31.058381469354167,31.436448458702746,4498900,31.22778818766276,0,1.0
2023-08-16,31.115089416503903,31.918488526220912,31.10563927416416,31.18125483507567,5381300,31.209466654459636,0,1.0
2023-08-17,30.46291923522949,31.181252589974065,30.415661315836644,31.058379115114157,5945700,31.18829357147217,-1,0.0
2023-08-18,30.38731002807617,30.595245613282646,30.151015001461687,30.2266287609796,5452800,31.16038183848063,-1,0.0
2023-08-21,30.169919967651367,30.737024085641195,30.028144388847483,30.434569036786435,7323500,31.130896072387696,-1,0.0
2023-08-22,29.772947311401367,30.321149341766684,29.62171978674,30.245533776661706,6980100,31.098452110290527,-1,0.0
2023-08-23,29.839109420776367,29.96198291250289,29.65952605743916,29.763495657704013,4300900,31.071062927246093,-1,0.0
2023-08-24,29.50829696655273,30.00923924707747,29.50829696655273,29.583910725615507,4420600,31.04053311665853,-1,0.0
2023-08-25,29.50829696655273,29.67842837513752,29.177487897387007,29.536652802241605,3982900,31.006200129191082,-1,0.0
2023-08-28,29.385427474975582,30.00924148444606,29.186940215903515,29.668978641907856,5515500,30.973354835510253,-1,0.0
2023-08-29,30.06595039367676,30.21717791823044,29.39487847881659,29.39487847881659,4814200,30.945108693440755,-1,0.0
2023-08-30,29.89581871032715,30.084854015714747,29.71623715326064,29.98088441747414,3231700,30.914543800354004,-1,0.0
2023-08-31,29.86746406555176,30.10375729106597,29.650074730744496,30.01869158565892,5202800,30.891084391276042,-1,0.0
2023-09-01,29.69733238220215,30.10375701480068,29.54610486348282,30.02814325544101,4208400,30.863124071757,-1,0.0
2023-09-05,29.25054168701172,29.716344693787484,29.06992360253572,29.53572660931149,5519500,30.83698574066162,-1,0.0
2023-09-06,28.490047454833984,29.336099499119875,28.280911951961038,28.42350442269994,8878300,30.80390712738037,-1,0.0
2023-09-07,27.97671127319336,28.63263874582353,27.91016824801492,28.452020668081012,7910900,30.768279050191243,-1,0.0
2023-09-08,28.071775436401367,28.11930565387914,27.634489820327243,28.04325621801776,8608200,30.725865580240885,-1,0.0
2023-09-11,27.95770072937012,28.31893691414832,27.701033200158488,28.252392070412213,4906400,30.685621910095215,-1,0.0
2023-09-12,27.83412170410156,28.157332271199014,27.720046639706496,28.043257206803943,4291900,30.646611747741698,-1,0.0
2023-09-13,27.368318557739254,27.520417434221148,26.96905855368389,27.15918124270544,8279200,30.60343640645345,-1,0.0
2023-09-14,27.510910034179688,27.672515311250173,27.16868666787476,27.624983280840286,8286200,30.566760482788087,-1,0.0
2023-09-15,28.223875045776367,28.271405264496376,27.387329416275843,27.4443678545338,8547500,30.53764321645101,-1,0.0
2023-09-18,27.643993377685547,28.15732837672084,27.62498056738912,28.04325332810365,5292000,30.50640577952067,-1,0.0
2023-09-19,27.48238945007324,27.75806977326473,27.25424115492933,27.643994719112037,6510300,30.470973688761394,-1,0.0
2023-09-20,27.111650466918945,27.786588990800176,27.102144060688865,27.72004596035122,4993100,30.43032677968343,-1,0.0
2023-09-21,26.883501052856445,27.377821464389104,26.883501052856445,26.99757429660955,4960300,30.386849543253582,-1,0.0
2023-09-22,26.664857864379883,26.997574822604903,26.64584686549165,26.912018981542428,5311700,30.34384744008382,-1,0.0
2023-09-25,26.142019271850582,26.484242649802898,26.00893320849652,26.379673992503776,6223400,30.297671508789062,-1,0.0
2023-09-26,25.248435974121094,26.2465868476316,25.23892956810729,25.923376295808566,10208600,30.25551372528076,-1,0.0
2023-09-27,25.48609161376953,25.64769689557042,25.15337464380751,25.267449706968804,11127800,30.215937856038412,-1,0.0
2023-09-28,25.875844955444336,26.075475860732094,25.314979677811408,25.41954833358888,6501500,30.178710975646972,-1,0.0
2023-09-29,25.733251571655277,26.16103077264181,25.571646297189417,25.96139987446092,5941600,30.140969899495442,-1,0.0
2023-10-02,25.84733009338379,26.00893538950602,25.6286863540454,25.77128064892402,6411100,30.104176381429035,-1,0.0
2023-10-03,25.48609161376953,26.04695689689252,25.362511957409613,25.809302177371308,6603100,30.064725138346354,-1,0.0
2023-10-04,25.856834411621094,26.294118228646305,25.53362384548871,25.552634845196422,11733700,30.02730909983317,-1,0.0
2023-10-05,25.97090721130371,26.18004452290979,25.73325249405069,26.018439242651272,6775600,29.988970260620118,-1,0.0
2023-10-06,25.742759704589844,26.12300690144224,25.45757476024096,25.78078533085591,6796800,29.94748945871989,-1,0.0
2023-10-09,25.19139862060547,25.295967270563057,24.65905259140242,25.25794164761066,7451500,29.904951426188152,-1,0.0
2023-10-10,25.333993911743164,25.88535281404363,25.26745087730096,25.562142235471452,7005600,29.864680315653484,-1,0.0
2023-10-11,24.90621757507324,25.780787094234213,24.839672724556028,25.191402538928475,7150100,29.818235270182292,-1,0.0
2023-10-12,24.19325065612793,24.953745017098687,24.03164537777645,24.91571939246936,8747800,29.772176920572917,-1,0.0
2023-10-13,24.11720085144043,24.221767691249795,23.832014110563808,24.00312579245747,8373500,29.72755465189616,-1,0.0
2023-10-16,24.345348358154297,24.44991519453575,24.02213781698656,24.19324949327083,5992100,29.695171712239585,-1,0.0
2023-10-17,24.516462326049805,24.687572205166628,24.202756348098145,24.221769161276125,4496000,29.66725165049235,-1,0.0
2023-10-18,23.48028564453125,24.259792788992154,23.44226002130803,24.25028638318635,7448300,29.637438151041668,-1,0.0
2023-10-19,23.166582107543945,23.736951965420594,23.14756929543831,23.44226063042945,7268500,29.600832252502443,-1,0.0
2023-10-20,23.004976272583008,23.318680412065437,22.92892683916792,23.05250648853187,7522000,29.56596960703532,-1,0.0
2023-10-23,23.090532302856445,23.76547080335417,22.776826347617103,22.900407811165,6910400,29.531363945007325,-1,0.0
2023-10-24,22.71979141235352,23.26164389679752,22.653248379269044,23.157077050448358,6445100,29.488269335428875,-1,0.0
2023-10-25,22.434606552124023,22.852879378596423,22.41559373883853,22.7673235319734,10493300,29.449290835062662,-1,0.0
2023-10-26,22.23497772216797,22.90041174421192,21.693125184896505,22.33954639187364,12871600,29.411864751180012,-1,0.0
2023-10-27,21.236825942993164,22.17793841744425,21.122750879501385,21.769172008577677,11576700,29.367721621195475,-1,0.0
2023-10-30,21.39842987060547,21.4459600863738,20.92312046027615,21.312874031693276,13309200,29.321396484375,-1,0.0
2023-10-31,21.132259368896484,21.379420519856662,20.837567994473957,21.236828036307816,12171000,29.270288225809733,-1,0.0
2023-11-01,21.132259368896484,21.360407705207,20.82806158714913,20.989666885347635,8540300,29.21410285949707,-1,0.0
2023-11-02,22.016332626342773,22.035345438678924,21.331887700695585,21.455467354557403,6854700,29.161429456075034,-1,0.0
2023-11-03,22.52967071533203,22.757819054614053,22.23497752390949,22.415595639110105,10929200,29.107665303548178,-1,0.0
2023-11-06,22.368061065673828,22.80534484431299,22.101887148353377,22.710282601472723,6043000,29.058151626586913,-1,0.0
2023-11-07,22.39657974243164,22.52016120909733,22.101888404720608,22.43460536699388,4873700,29.00864002227783,-1,0.0
2023-11-08,22.805347442626957,23.128558017211784,22.472630461358843,22.510656088091967,7208400,28.962731043497723,-1,0.0
2023-11-09,22.19695281982422,23.052509511216392,22.15892719154993,22.966953660761,6642300,28.912703425089518,-1,0.0
2023-11-10,22.016332626342773,22.15892509254074,21.560036009244648,22.0068262201747,6778100,28.857836214701333,-1,0.0
2023-11-13,21.94978904724121,22.10188791580241,21.46497322376681,21.579048281768475,5050400,28.79914066314697,-1,0.0
2023-11-14,23.10003662109375,23.166581461608065,22.301516666537086,22.45361734597972,8732200,28.75105935414632,-1,0.0
2023-11-15,23.70843315124512,23.812999985287775,23.18559172838602,23.223617350337133,9043600,28.707222124735516,-1,0.0
2023-11-16,23.090532302856445,23.84152023739844,22.98596365111,23.66090215160772,6907700,28.66265027364095,-1,0.0
2023-11-17,23.58485221862793,23.6228778414264,23.04299978588014,23.28065448888612,6824400,28.617362353007,-1,0.0
2023-11-20,23.88905334472656,23.974609195025288,23.30917701989956,23.537325349642245,6246000,28.57566942850749,-1,0.0
2023-11-21,23.41374397277832,23.841523226128945,23.299670713992658,23.71794356025085,5898600,28.528363240559894,-1,0.0
2023-11-22,23.489791870117188,24.098189191852136,23.290162773802184,23.860534469670483,7513900,28.483068402608236,-1,0.0
2023-11-24,23.64189338684082,23.70843642127188,23.442262470385945,23.594361352845997,2240300,28.439163602193197,-1,0.0
2023-11-27,23.233123779296875,23.613370933384907,23.11904872648974,23.537321502567305,7367300,28.392471021016437,-1,0.0
2023-11-28,23.594358444213867,23.63238406672206,23.023986798721307,23.21411128493932,4760400,28.353639831542967,-1,0.0
2023-11-29,24.07917213439941,24.40238264464596,23.765468028943808,23.81299823973717,9195800,28.320485305786132,-1,0.0
2023-11-30,24.307323455810547,24.35485548572139,23.832014035671392,24.21226120915041,6874300,28.29524517059326,-1,0.0
2023-12-01,25.372020721435547,25.372020721435547,24.278809272684885,24.3453523102284,7864100,28.27453311920166,-1,0.0
2023-12-04,25.95189666748047,25.970909481681595,25.11535278741026,25.343501118338494,12285200,28.255806465148925,-1,0.0
2023-12-05,25.828317642211918,25.951897311261323,25.50510704542201,25.809304827539144,8641100,28.240204861958823,-1,0.0
2023-12-06,26.60782241821289,27.02609523599992,26.11350016202473,26.28461185171768,11001200,28.224597447713215,-1,0.0
2023-12-07,27.720046997070312,28.128813414443428,27.216218327002714,27.24473754675956,15404500,28.225806922912597,-1,0.0
2023-12-08,27.634490966796875,27.75807243842462,27.235230958670165,27.520417714853043,8752800,28.22412686665853,-1,0.0
2023-12-11,27.891157150268555,27.91016996239067,27.349304696919297,27.58695940896101,8349700,28.22459668477376,-1,0.0
2023-12-12,28.813257217407227,28.984368902779217,27.86263835481757,27.99572622853,12983000,28.23096309661865,1,1.0
2023-12-13,27.710542678833008,28.157334756220152,26.74091089196596,28.11930912701197,22269800,28.232422625223794,-1,0.0
2023-12-14,28.290416717529297,28.7467133226923,27.786588082769185,27.900663140640702,11860200,28.239440371195474,0,0.0
2023-12-15,27.577455520629883,28.33794994332936,27.4633804506441,28.233383093434256,14737200,28.243836161295572,-1,0.0
2023-12-18,27.539426803588867,27.61547623732772,26.97856154982925,27.453870963987463,7778200,28.245345865885415,-1,0.0
2023-12-19,28.06226921081543,28.252391895111277,27.643996404306037,27.682022029062157,7858500,28.253537864685057,-1,0.0
2023-12-20,27.804027557373047,28.47354392157225,27.746641013788505,27.89967301287084,7398600,28.25160909016927,-1,0.0
2023-12-21,28.310949325561523,28.70309408076358,28.04314239486615,28.25356277765733,7282900,28.252558364868165,0,0.0
2023-12-22,28.215301513671875,28.55962442099985,28.08139897161558,28.358768783630094,6409600,28.25587863922119,0,0.0
2023-12-26,27.880544662475582,28.282254132067237,27.851852301688226,28.14835158363182,5185200,28.25797008514404,-1,0.0
2023-12-27,27.937929153442383,28.01444697467503,27.62230043799877,27.909236794765405,4668500,28.259441210428875,-1,0.0
2023-12-28,28.100526809692383,28.138785721581304,27.775335180063184,27.83272172361124,4285300,28.265381037394206,-1,0.0
2023-12-29,27.62230110168457,27.98575346413132,27.584044014434305,27.98575346413132,5699600,28.26625228881836,-1,0.0
2024-01-02,27.239721298217773,27.775335117749066,26.981479116402905,27.354496209341715,6689600,28.262003110249836,-1,0.0
2024-01-03,26.12067222595215,26.790188551262226,26.06328568570093,26.64672128849156,8192900,28.249353408813477,-1,0.0
2024-01-04,26.713672637939453,26.7997533607224,26.072850492935963,26.17806067062295,6785500,28.240218302408856,-1,0.0
2024-01-05,27.880544662475582,27.909238847548348,26.598900251125357,26.6371591645557,10576500,28.243626022338866,-1,0.0
2024-01-08,27.851850509643555,28.19617158693536,27.593608333460736,27.737075601022763,10686400,28.240825119018556,-1,0.0
2024-01-09,28.043136596679688,28.29181401856208,27.62229774239525,27.78489444807662,5474900,28.23973824818929,-1,0.0
2024-01-10,28.416154861450195,28.617010495531,27.918801788691404,28.02401014531917,7210400,28.238693631490072,1,1.0
2024-01-11,28.54049301147461,28.578750096178123,27.804025432008785,28.282250848656435,6221300,28.23597068786621,1,1.0
2024-01-12,27.325801849365234,28.28225274685389,26.991043670387143,28.28225274685389,9885900,28.226403401692707,-1,0.0
2024-01-16,27.469268798828125,27.564914252318783,26.369350644398747,27.16320480708624,9115900,28.217604535420737,-1,0.0
2024-01-17,26.88583374023437,27.66055841110421,26.78062356389068,27.249284257344545,7425900,28.199650967915854,-1,0.0
2024-01-18,28.722217559814453,28.76047464235913,26.943218526502317,27.01973451587676,14095200,28.187734603881836,1,1.0
2024-01-19,28.6839599609375,28.82742721952087,27.94749238944831,28.82742721952087,8813800,28.168543027242023,1,1.0
2024-01-22,28.846559524536133,29.171752982414063,28.67439806750836,28.798737708377462,8595400,28.147928212483723,1,1.0
2024-01-23,29.75518798828125,30.118638526441543,29.46825162462125,29.66910726161178,10575500,28.131615829467773,1,1.0
2024-01-24,29.75518798828125,30.02299307188821,29.55433235129072,29.95604180098647,9713000,28.112783025105795,1,1.0
2024-01-25,29.066539764404297,31.37158608898149,28.64570271812662,31.08465157340261,19606100,28.090115356445313,1,1.0
2024-01-26,28.77960586547852,29.79344324310365,28.397025895080844,29.200444745058554,9929000,28.065975901285807,1,1.0
2024-01-29,28.894380569458008,28.980461295674264,28.12922058563052,28.856123482409284,8250800,28.04480698903402,1,1.0
2024-01-30,28.8752498626709,29.152619643159657,28.511797540848946,28.511797540848946,5357800,28.02306945800781,1,1.0
2024-01-31,28.58831787109375,29.04741570647454,28.157916044798828,28.789173516126358,5956700,27.991542587280275,1,1.0
2024-02-01,28.86569023132324,29.056979328530893,28.129222555145933,28.779609499079896,5977300,27.960478604634602,1,1.0
2024-02-02,29.047412872314453,29.162185951747187,28.50223436001075,28.731784167446627,4983000,27.927601585388185,1,1.0
2024-02-05,28.45441246032715,28.741346982313846,28.234429205185,28.626573903233247,4994000,27.889132944742837,1,1.0
2024-02-06,29.67867088317871,29.69779851394812,28.33963821791712,28.483107306541747,7176800,27.853596051534016,1,1.0
2024-02-07,29.40130043029785,29.994300790644797,29.324784431312956,29.61171897143499,5441000,27.81507583618164,1,1.0
2024-02-08,30.922060012817383,30.941185820486236,29.31522035011604,29.49694653582115,10891100,27.787450167338054,1,1.0
2024-02-09,31.075092315673828,31.218557766006462,30.415138839003177,30.874234847494947,8162100,27.75775707244873,1,1.0
2024-02-12,31.36202621459961,31.79242985381433,30.76902402342792,30.960314935142318,8819000,27.7248099899292,1,1.0
2024-02-13,31.113344192504883,31.31420163881552,30.529910429341307,30.979441660678027,6266900,27.685353139241535,1,1.0
2024-02-14,32.28022003173828,32.461944401394405,31.208995973766367,31.409849800529063,9684200,27.657645161946615,1,1.0
2024-02-15,32.720184326171875,33.20797632707188,32.385427971491964,32.500201057586416,7801600,27.642385025024414,1,1.0
2024-02-16,32.4523811340332,33.14102698788139,32.203701843000985,32.461944038194055,7230600,27.629624328613282,1,1.0
2024-02-20,32.38542556762695,33.533167289090194,32.33760375601814,32.81582916924696,8855400,27.61698438008626,1,1.0
2024-02-21,33.03582000732422,33.0549494660744,32.1463202425824,32.24196388776211,7133500,27.60571881612142,1,1.0
2024-02-22,32.74888229370117,33.64794487761725,32.72018628403252,33.255800132140244,8326400,27.588696670532226,1,1.0
2024-02-23,32.30891036987305,32.91147546099834,32.21326673890043,32.85408709327238,5477600,27.570442632039388,1,1.0
2024-02-26,32.66279220581055,33.06449974039692,32.31846937698234,32.39498353418317,7350800,27.55347661336263,1,1.0
2024-02-27,33.016685485839844,33.08363675691366,32.71062148991079,32.90191239950911,4822100,27.539184951782225,1,1.0
2024-02-28,32.96886444091797,33.05494516982,32.67236334168414,32.71062225421187,3604700,27.535097478230796,1,1.0
2024-02-29,32.77757263183594,33.32274935047215,32.72975081676744,33.11232898588603,5300800,27.52513483683268,1,1.0
2024-03-01,32.48107147216797,32.86365328904998,32.175007478090606,32.74888020341362,6373300,27.53361122131348,1,1.0
2024-03-04,32.62454605102539,32.90191773247268,31.964592488370027,32.442818015594504,6115600,27.538759358723958,1,1.0
2024-03-05,33.0860710144043,33.153377462652216,32.316851843052135,32.39377192622418,4151700,27.54408576965332,1,1.0
2024-03-06,33.23030090332031,33.643756891795874,33.05722613289211,33.17260809053548,5647100,27.554973589579266,1,1.0
2024-03-07,33.48991394042969,33.55722038982038,33.18222259873832,33.27837728924387,4066700,27.567970199584963,1,1.0
2024-03-08,32.94184112548828,33.70144666907453,32.749539081782814,33.55722013629543,5874400,27.584307301839193,1,1.0
2024-03-11,32.48031234741211,33.009154015815966,32.19185558969062,33.009154015815966,5322100,27.594605967203776,1,1.0
2024-03-12,27.65345573425293,29.59573642957232,27.422689983417435,29.566890022981696,41071100,27.57121332804362,0,1.0
2024-03-13,27.19192314147949,27.86498942925146,27.057308416754623,27.624608219197956,19863300,27.539891891479492,-1,0.0
2024-03-14,27.02846336364746,27.163076252010484,26.69192930877684,27.14384531539775,10585800,27.508173866271974,-1,0.0
2024-03-15,27.25923156738281,27.27846250573546,26.88423560535907,26.94192842041701,11567600,27.47667106628418,-1,0.0
2024-03-18,26.93231201171875,27.230384209933785,26.8169282195912,27.163077762010698,6885000,27.44387097676595,-1,0.0
2024-03-19,27.086156845092773,27.14384782630455,26.83616014789078,26.941928475081724,6300400,27.4131676864624,-1,0.0
2024-03-20,27.730379104614254,27.788070086856067,27.04769545122705,27.18231018840894,7483700,27.389342714945474,1,1.0
2024-03-21,27.576534271240234,27.816915494896143,27.201540149205236,27.6534561894516,9416200,27.365752347310384,1,1.0
2024-03-22,27.35538482666016,27.614995162378147,27.34576935734271,27.6053796930607,4534300,27.345035451253256,0,1.0
2024-03-25,27.413074493408203,27.62460930635345,27.163077805038466,27.32653710766625,5693600,27.32520721435547,0,1.0
2024-03-26,27.31692123413086,27.69191534414864,27.297690296703504,27.624608897116023,5471400,27.306187222798666,0,1.0
2024-03-27,28.14383316040039,28.17267773253373,27.413074044957902,27.48038049188655,9338600,27.29532646179199,1,1.0
2024-03-28,28.066913604736328,28.374601293117635,27.999607152148325,28.09575817929502,10002800,27.28351182301839,1,1.0
2024-04-01,28.05729866027832,28.278448961195465,27.98037673674352,28.182296098286127,7055700,27.273838500976563,1,1.0
2024-04-02,27.239999771118164,27.82653053465884,26.96115850963964,27.711146742140134,10511900,27.258716519673666,0,1.0
2024-04-03,26.951539993286133,27.191921186053342,26.893847186568674,27.143843847122124,7846800,27.24249060312907,-1,0.0
2024-04-04,26.89385032653809,27.682302271398477,26.82654387813903,27.07654056788064,9651200,27.221343269348143,-1,0.0
2024-04-05,27.24961471557617,27.33615209980901,26.730390410179165,26.76885228493293,6639200,27.20370190938314,0,0.0
2024-04-08,27.54768943786621,27.749610630933,27.172695294409262,27.4034610622261,6855900,27.18823674519857,1,1.0
2024-04-09,27.93229866027832,27.941914129714966,27.268847774819108,27.55730452206544,7798900,27.176469853719077,1,1.0
2024-04-10,26.88423538208008,28.02845052907458,26.701546971136853,27.76883836535963,10963500,27.160694478352866,-1,0.0
2024-04-11,27.42268943786621,27.528455925334704,26.69193032444339,26.77846770853051,6407100,27.153578758239746,1,1.0
2024-04-12,26.480398178100582,27.095773563294447,26.35539890675601,26.951545186635048,11545800,27.143603337605793,-1,0.0
2024-04-15,26.76885414123535,27.10538823281541,26.58616389141248,26.788085079945816,7041500,27.13491719563802,-1,0.0
2024-04-16,26.97076988220215,27.0573072608415,26.403470103994398,26.8169260610573,7169700,27.1283376566569,-1,0.0
2024-04-17,27.672687530517575,27.913068757674377,27.316922507381697,27.336153445705413,7970500,27.12726142883301,1,1.0
2024-04-18,27.94191169738769,28.37459861455532,27.77845239912028,27.884220719753053,7554600,27.131085383097332,1,1.0
2024-04-19,28.24959754943848,28.51882515111468,27.989987249709745,28.0380627556691,6911100,27.136009966532388,1,1.0
2024-04-22,28.58613395690918,28.816899705730155,28.249599885475742,28.355368208088205,6526100,27.13842502593994,1,1.0
2024-04-23,28.32652473449707,28.672674310548224,27.93229964353363,28.18229635579687,7002700,27.14297523498535,1,1.0
2024-04-24,28.17267799377441,28.4515210867366,27.8361457560106,28.307292722843087,9632800,27.147577158610027,1,1.0
2024-04-25,26.211166381835938,26.422701178527344,24.99964490850219,25.845785929230843,36945300,27.14157393137614,-1,0.0
2024-04-26,25.990015029907227,26.44193100873901,25.701556500343216,26.105396974562478,16106000,27.13561735788981,-1,0.0
2024-04-29,25.807329177856445,25.90348203731355,25.316951245192143,25.461179617396173,15687800,27.129900499979655,-1,0.0
2024-04-30,24.941953659057617,25.547713472071308,24.932338191046224,25.432331523860604,13924400,27.121900062561036,-1,0.0
2024-05-01,24.682344436645508,25.19195329759459,24.586191579150537,24.990032113458835,12615200,27.118126118977866,-1,0.0
2024-05-02,25.393871307373047,25.4419468166013,24.73041864303709,24.999646263019407,14758900,27.11751131693522,-1,0.0
2024-05-03,25.143875122070312,25.663099435029835,24.951571247389985,25.413102747378563,10950400,27.11263151804606,-1,0.0
2024-05-06,26.36501121520996,26.518855043062437,25.21118067235333,25.240027077811824,10802900,27.116843249003093,-1,0.0
2024-05-07,25.96117210388184,26.27847524512631,25.836174674769914,26.10540047099965,7958800,27.117602195739746,-1,0.0
2024-05-08,26.134246826171875,26.240015151031308,25.82655915454064,25.8457882585452,6458600,27.121923230489095,-1,0.0
2024-05-09,26.23040199279785,26.316939387312992,25.845790535413524,26.05732720376757,7637000,27.124413681030273,-1,0.0
2024-05-10,26.307323455810547,26.422705423830312,26.076557685807703,26.278477046823948,6445900,27.126656455993654,-1,0.0
2024-05-13,26.903467178344727,27.249616741004917,26.34578279070513,26.355398260108277,9547200,27.134394505818683,-1,0.0
2024-05-14,27.04769515991211,27.278462754320397,26.884235850351462,27.19192536490809,7181600,27.14676981608073,0,0.0
2024-05-15,26.701547622680664,27.24961653681017,26.48039732995529,27.24961653681017,8913000,27.155886840820312,-1,0.0
2024-05-16,26.903467178344727,27.07654195967482,26.74000786641778,26.759238805224072,6076000,27.169201838175457,-1,0.0
2024-05-17,26.7880859375,27.182311023868326,26.701548544495896,27.086158161201176,6887500,27.18650074005127,-1,0.0
2024-05-20,27.1150016784668,27.134230781778854,26.595777375815704,26.768852143366068,6545200,27.206486078898113,0,0.0
2024-05-21,26.89385032653809,27.08615603678953,26.72077738806759,26.951543139991426,6507900,27.22347609202067,-1,0.0
2024-05-22,26.80731201171875,27.211152522087254,26.624623610667676,26.941926737816992,6317800,27.238748423258464,-1,0.0
2024-05-23,25.62463760375977,26.78808365852261,25.51887111439089,26.740006314297524,11289200,27.253044102986653,-1,0.0
2024-05-24,25.807329177856445,25.84578922126133,25.34579765321825,25.711176318399342,7250500,27.270649083455403,-1,0.0
2024-05-28,25.4996395111084,25.913095490836294,25.384255721943106,25.66309880928075,8239200,27.28728017171224,-1,0.0
2024-05-29,24.52850151062012,24.68234535474928,23.65351395939929,24.26888933591593,15761900,27.29686663309733,-1,0.0
2024-05-30,25.10541343688965,25.153488943921097,24.44196080287005,24.71118841055005,10579400,27.312770779927572,-1,0.0
2024-05-31,25.807329177856445,25.94194208071844,25.057339074846936,25.316951245192143,8230300,27.335255597432454,-1,0.0
2024-06-03,26.62462615966797,27.21115512724092,25.96117343612397,26.211170141140016,10037000,27.36451992034912,-1,0.0
2024-06-04,26.730392456054688,27.153463940911223,26.52847310003244,26.52847310003244,7389100,27.401143697102864,-1,0.0
2024-06-05,27.36499786376953,27.393844271091236,26.46116577524808,26.759237981719483,8974400,27.440920817057293,0,0.0
2024-06-06,26.77846908569336,27.614994729605502,26.711162635489305,27.38422897149308,10698900,27.47856221516927,-1,0.0
2024-06-07,26.682313919067383,26.85538868116569,26.38424173654421,26.701544855736763,7158900,27.515562578837077,-1,0.0
2024-06-10,28.55729103088379,29.18228186588387,28.2207569400489,28.46113817150764,34733100,27.559168968200684,1,1.0
2024-06-11,26.97076988220215,28.461134421242,26.932309843897443,28.36498157453572,12599400,27.588776295979816,-1,0.0
2024-06-12,27.34576797485352,27.663071110434636,26.99961843277842,27.172693203815967,9499700,27.621961008707682,-1,0.0
2024-06-13,27.31692123413086,27.634224365829706,26.759236886479467,27.288074827989824,7345800,27.65476328531901,-1,0.0
2024-06-14,27.288074493408203,27.345767304982896,26.68231464357883,27.0957706233819,9994300,27.68464813232422,-1,0.0
2024-06-17,27.66307258605957,27.67268805540381,27.066926324459388,27.249616574073464,5924300,27.721088930765788,0,0.0
2024-06-18,27.50825881958008,27.87593786120457,27.36312240434698,27.73080144597147,6030000,27.757701772054038,-1,0.0
2024-06-20,27.15025520324707,27.47923207735957,27.15025520324707,27.353447670438783,5464900,27.792371546427407,-1,0.0
2024-06-21,27.440528869628903,27.62436746938884,26.92771156251253,27.19863422683037,9054300,27.821308161417644,-1,0.0
2024-06-24,27.566314697265625,28.0210759848583,27.353448064979432,27.46955646604108,8090900,27.847027371724447,-1,0.0
2024-06-25,27.58566665649414,27.82756131130853,27.430854225053714,27.643720856906864,7059200,27.87699493408203,-1,0.0
2024-06-26,27.527610778808597,27.78885558750293,26.34716375411343,26.64711443657413,11383300,27.9032799911499,-1,0.0
2024-06-27,27.546958923339844,27.5953389551059,27.072845685089558,27.295388294684884,14298800,27.927666028340656,-1,0.0
2024-06-28,27.682422637939453,27.76950485423677,27.18895736075785,27.575988407907264,10740000,27.956123886108397,-1,0.0
2024-07-01,27.198633193969727,27.84691088587202,26.830952317393123,27.71144863610241,7971300,27.98084949493408,-1,0.0
2024-07-02,27.37279891967773,27.4695553012899,27.005118025716648,27.247012670766427,7006000,28.00572219848633,-1,0.0
2024-07-03,27.65339469909668,27.86626131428081,27.38247204253629,27.57598848943794,8222100,28.035190671284994,-1,0.0
2024-07-05,26.06656646728516,27.624366666695465,26.06656646728516,27.38247203092577,16610100,28.051672058105467,-1,0.0
2024-07-08,26.46327209472656,26.579380480147087,26.10526724107601,26.1826734465262,8227900,28.067566057840985,-1,0.0
2024-07-09,26.579383850097656,26.81160249589078,26.28911100423369,26.463275449955965,7611400,28.08271312713623,-1,0.0
2024-07-10,26.734193801879883,26.93738625155282,26.49229917091803,26.83095202336654,12553300,28.09179428100586,-1,0.0
2024-07-11,26.09559631347656,26.32781497502192,25.544076761617607,26.12462433823593,18376300,28.092752278645833,-1,0.0
2024-07-12,26.63743782043457,26.89868262315544,26.027862307896807,26.056890328425617,16401500,28.098146413167317,-1,0.0
2024-07-15,26.811599731445312,26.97608815261103,26.327810474547263,26.830951744643528,6907400,28.099504928588868,-1,0.0
2024-07-16,27.77917861938477,27.89528885462833,26.81160009255685,26.937386334529847,9487900,28.099899139404297,-1,0.0
2024-07-17,27.40182304382324,27.769503910248552,27.217982610610587,27.25668663676464,8420800,28.098348019917808,-1,0.0
2024-07-18,26.521329879760746,27.634044925890883,26.443923663825856,27.07284939898552,8297100,28.08921583811442,-1,0.0
2024-07-19,26.298784255981445,26.58905707142773,25.834347013063564,26.531002877440383,6706900,28.07245268503825,-1,0.0
2024-07-22,26.76322364807129,26.8309538540804,25.94078147758268,26.134297933759893,6579300,28.06613722483317,-1,0.0
2024-07-23,26.298784255981445,26.89868190003965,25.979483420786707,26.850303712635124,10145000,28.05285967508952,-1,0.0
2024-07-24,25.74726676940918,26.36651647401562,25.62148051971744,26.28911026093981,9815300,28.040658416748048,-1,0.0
2024-07-25,27.16960334777832,27.64371657633796,24.93449760013732,25.098986013760825,21025300,28.038192927042644,-1,0.0
2024-07-26,26.3471622467041,27.217982532051835,26.15364765302101,27.169604345008448,13132900,28.026758880615233,-1,0.0
2024-07-29,25.45699119567871,26.37619155861842,25.30217877494292,26.337487530679656,15569500,28.01111197153727,-1,0.0
2024-07-30,26.16332626342773,26.4826271280172,25.33120807579652,25.46666848940729,15559700,27.99679448445638,-1,0.0
2024-07-31,26.06656646728516,26.89868275938637,25.882726027357496,26.124620663127192,10619300,27.982469584147136,-1,0.0
2024-08-01,25.505373001098636,26.26975915085401,25.18607213047757,26.12462272702803,12554800,27.966635106404624,-1,0.0
2024-08-02,24.237842559814453,25.011906526937207,24.073354128282965,25.002230519728336,16898900,27.941967862447104,-1,0.0
2024-08-05,22.931615829467773,23.67665002267236,22.815505573943344,22.99934604289456,15482900,27.90750845591227,-1,0.0
2024-08-06,23.550861358642575,23.928216391427533,23.096100117965594,23.299290721616085,9371100,27.880365524291992,-1,0.0
2024-08-07,23.531509399414062,24.228167117554204,23.502483224831277,23.82178406380898,8399700,27.8556441116333,-1,0.0
2024-08-08,24.402328491210938,24.48941070165913,23.73470067178744,23.76372684493051,10921500,27.844188486735025,-1,0.0
2024-08-09,24.508764266967773,24.586170476102897,24.20881543725786,24.38297986918929,17826400,27.829489097595214,-1,0.0
2024-08-12,24.55714225769043,25.031257361020195,24.479736049179166,24.479736049179166,18995900,27.807333081563314,-1,0.0
2024-08-13,24.595848083496094,24.924824955105784,24.49908985440329,24.789364541681696,10654100,27.785626398722332,-1,0.0
2024-08-14,24.55714225769043,24.82806491023464,24.35395165241446,24.67325249321212,8199000,27.762386436462403,-1,0.0
2024-08-15,25.67953491210937,25.689209073300688,24.944175012428136,24.953851019129026,10219300,27.7441423034668,-1,0.0
2024-08-16,25.476343154907227,25.75694182033145,25.30217872057628,25.553749365108803,6910600,27.72371463775635,-1,0.0
2024-08-19,25.863374710083008,26.008511126351475,25.524721841783474,25.524721841783474,7598000,27.713965123494464,-1,0.0
2024-08-20,25.66018486022949,25.98916173116908,25.60212881558624,25.921431524595,13967100,27.70190456390381,-1,0.0
2024-08-21,25.718238830566406,25.89240327192733,25.563426403914413,25.863375249863942,12040000,27.694120597839355,-1,0.0
2024-08-22,26.0568904876709,26.30846113059589,25.69888561433274,25.882726054452856,9083500,27.676351750691733,-1,0.0
2024-08-23,27.2663631439209,27.440527573792743,26.16332421541197,26.269756598270646,15426600,27.666901105244953,-1,0.0
2024-08-26,27.285717010498047,27.450205444825173,27.07284853930429,27.285717010498047,9143400,27.6564954884847,-1,0.0
2024-08-27,28.16621208190918,28.408106718557637,27.08252329769987,27.38247213040126,11681500,27.645902315775555,1,1.0
2024-08-28,27.750152587890625,28.34037608286414,27.343769530705675,28.0210733956742,7243200,27.632535413106282,0,1.0
2024-08-29,27.80820846557617,28.11783331921083,27.72112624480271,27.94366887766391,5303200,27.62414653778076,1,1.0
2024-08-30,27.982370376586918,28.49518764748716,27.904964170178346,27.99204638307668,6022900,27.618831634521484,1,1.0
2024-09-03,28.6209716796875,28.911244488679515,28.262966826121804,28.55324148062333,9814100,27.617008908589682,1,1.0
2024-09-04,28.728057861328125,29.1077232271297,28.513887988251856,28.601501501521877,6061100,27.616027628580728,1,1.0
2024-09-05,29.020109176635746,29.71129692126196,28.83514503744463,29.000640537695244,7387200,27.618906237284342,1,1.0
2024-09-06,28.913026809692383,29.57500699157364,28.650180672540376,29.02011082879193,8500100,27.61922181447347,1,1.0
2024-09-09,28.94223022460937,29.351101367886173,28.601503962410582,29.107725731574,10258200,27.6185205968221,1,1.0
2024-09-10,28.474950790405277,28.981172583424375,27.501448199280308,28.971437334696063,7386900,27.618657519022623,1,1.0
2024-09-11,28.046607971191406,28.611239376434387,27.46250606929655,28.611239376434387,8536700,27.607777099609375,1,1.0
2024-09-12,28.105018615722656,28.62097376381556,27.569591114754864,28.523623140293356,7681700,27.59913522084554,1,1.0
2024-09-13,27.92005157470703,28.552827818772485,27.890845831697742,28.221836825235115,6012300,27.57912183125814,1,1.0
2024-09-16,27.783763885498047,28.095284406844296,27.618268376431757,27.890847904205337,4350000,27.557179641723632,1,1.0
2024-09-17,27.686412811279297,28.212103218359758,27.433301927570653,27.98819807935898,7269100,27.532675552368165,1,1.0
2024-09-18,28.13422393798828,28.397070077861997,27.62800215530012,27.83243866080483,8617900,27.512814750671385,1,1.0
2024-09-19,28.17316436767578,28.620974650214556,28.066078492804007,28.484684887147758,5736300,27.485434379577637,1,1.0
2024-09-20,28.2705135345459,28.640443668116397,27.93952253549451,28.241307791050072,6532600,27.455769907633464,1,1.0
2024-09-23,28.844879150390625,29.00064126347348,28.06607786901998,28.28024775719473,6696700,27.43171989440918,1,1.0
2024-09-24,28.961700439453125,29.652886348588687,28.77673443774849,29.010374823518628,9022800,27.408895060221354,1,1.0
2024-09-25,27.63773536682129,29.44845061008284,27.608531480193623,28.961699360329405,10392600,27.372907829284667,1,1.0
2024-09-26,29.136932373046875,30.8016208853833,28.951966363851003,29.438717651454706,27608000,27.348828163146973,1,1.0
2024-09-27,28.74753189086914,29.78917935564858,28.669651758646623,29.40951208635611,11657600,27.325085639953613,1,1.0
2024-09-30,28.844879150390625,29.156401519747604,28.62097401409765,28.73779513470761,9592600,27.299632886250812,1,1.0
2024-10-01,29.088253021240234,29.409508762450415,28.280246044450468,28.76699728003005,9465900,27.273443336486817,1,1.0
2024-10-02,28.786470413208008,28.86435054376568,28.38733451199884,28.82541140689123,7088700,27.245560709635416,1,1.0
2024-10-03,29.701562881469727,30.129904521330523,29.224546857064887,29.282956489879485,10322100,27.225053977966308,1,1.0
2024-10-04,30.421953201293945,31.34678132133675,30.12990319328499,30.61665444450569,9565300,27.21132652282715,1,1.0
2024-10-07,30.217517852783203,30.53877359672284,29.93520124248029,30.334337110502005,5292500,27.1952796681722,1,1.0
2024-10-08,29.857322692871094,30.752945095448325,29.682091940243783,30.509569462756783,7657700,27.17375467936198,1,1.0
2024-10-09,29.8281192779541,30.548510984163748,29.701564756066933,30.178580810578367,6665800,27.151073468526203,1,1.0
2024-10-10,29.5555362701416,29.98387602999246,29.214810026362645,29.244015769592377,4603600,27.124844284057616,1,1.0
2024-10-11,29.80864906311035,29.925468329944525,29.17587091665829,29.244017655255124,4451400,27.1039563369751,1,1.0
2024-10-14,29.56527137756348,30.032552126169524,29.175868896916462,29.93520150600777,5805600,27.08452273050944,1,1.0
2024-10-15,29.682092666625977,30.324604204110543,29.633418281619992,30.178579192283827,5410000,27.09804697672526,1,1.0
2024-10-16,30.090961456298828,30.412217199871787,29.71129608393313,29.837850589118823,6313300,27.117373898824056,1,1.0
2024-10-17,29.29269218444824,30.01308385616653,29.1953415570682,30.01308385616653,7515000,27.132468757629393,1,1.0
2024-10-18,30.159109115600582,30.353810371953767,29.15640265876545,29.38030780380545,8078900,27.15180127461751,1,1.0
2024-10-21,29.6334171295166,29.974143381737854,29.37057100436232,29.759971639697167,7617900,27.169808642069498,1,1.0
2024-10-22,29.682092666625977,29.935203553636377,29.224547134419925,29.56527339988811,9247100,27.18711488087972,1,1.0
2024-10-23,29.915733337402344,29.974144828127717,29.477658297814774,29.65288719956453,6683000,27.201683909098307,1,1.0
2024-10-24,28.25104522705078,29.944939488026453,27.82270357331167,29.740502981338476,16801800,27.20618064880371,1,1.0
2024-10-25,28.65017890930176,28.85461354329913,28.35812704483723,28.59176927913232,9321800,27.214812609354656,1,1.0
2024-10-28,29.49712562561035,29.63341724109726,28.669649968711315,29.14666598089373,13045900,27.228706283569338,1,1.0
2024-10-29,30.20778465270996,30.324603918346984,29.02984560721604,29.23428210729395,9444700,27.247978706359863,1,1.0
2024-10-30,30.636125564575195,30.996322336646376,30.236989654793213,30.266195400682925,7542700,27.26459398905436,1,1.0
2024-10-31,29.76970863342285,30.84056183599667,29.70156375034422,30.636125329951973,6561000,27.275945955912274,1,1.0
2024-11-01,29.798912048339844,30.217518419434107,29.72103192279733,29.925466556043183,6158200,27.287556711832682,1,1.0
2024-11-04,29.11746025085449,30.022817892358503,29.107725002828687,29.740501270036305,5578300,27.300073115030923,1,1.0
2024-11-05,29.818382263183597,29.828117511492053,29.13693159287036,29.16613548098698,5793400,27.319185396830242,1,1.0
2024-11-06,30.55824279785156,31.054729294320577,30.16884217027057,30.64585817115837,8178400,27.34361467997233,1,1.0
2024-11-07,30.431690216064453,30.762681234657272,30.22725371314123,30.334339588806195,5654500,27.364828516642252,1,1.0
2024-11-08,30.937911987304688,31.035260757738264,30.421954962686367,30.538776086738945,4071200,27.387430000305176,1,1.0
2024-11-11,31.78485870361328,32.067171611532615,30.86003056863075,31.054729958179017,7113700,27.41311373392741,1,1.0
2024-11-12,31.181283950805664,31.67777230645301,30.7140031954782,31.36625180290137,6546300,27.441760724385578,1,1.0
2024-11-13,31.522016525268555,32.27161400375633,31.0352633484248,31.0352633484248,7172300,27.469089571634928,1,1.0
2024-11-14,31.560949325561523,32.203464541816906,31.43439667413304,31.687505690607345,6263500,27.502959912618,1,1.0
2024-11-15,31.73617935180664,31.79459083748907,30.91843897714748,31.39545496936892,6251400,27.53607541402181,1,1.0
2024-11-18,31.473337173461918,31.911410321526237,31.18128345659601,31.7361795768536,6988100,27.566092529296874,1,1.0
2024-11-19,31.50254249572754,31.69724374464107,30.90870535766912,31.074200862203007,4246300,27.59162489573161,1,1.0
2024-11-20,30.92817497253418,31.4636006065748,30.616654468597183,31.38572233739922,6452700,27.611533317565918,1,1.0
2024-11-21,30.94764709472656,31.38572398691708,30.772416337850355,30.898970852922748,5153300,27.629520314534506,1,1.0
2024-11-22,31.12287712097168,31.28837263547556,30.84056233552908,31.01579309874599,5942600,27.646431935628254,1,1.0
2024-11-25,31.570688247680664,31.794593390348624,31.36625360180351,31.53174725409905,7658900,27.668059692382812,1,1.0
2024-11-26,31.11314010620117,31.5122759967354,30.947646457899943,31.03525997772641,5992900,27.687662773132324,1,1.0
2024-11-27,31.50254249572754,31.51227588704537,30.86976436516293,31.093671358456103,4108200,27.7229386138916,1,1.0
2024-11-29,31.50254249572754,31.74591812846509,31.31757463813184,31.54148348823373,2665100,27.75968879699707,1,1.0
2024-12-02,32.125579833984375,32.51498228711584,31.463597891831093,31.512272270068276,10732800,27.801810468037925,1,1.0
2024-12-03,32.10611343383789,32.7583620689592,31.90167879100393,32.18399541984177,7750100,27.849571533203125,1,1.0
2024-12-04,33.245113372802734,33.245113372802734,32.20346594750646,32.32028521300784,8240500,27.906656659444174,1,1.0
2024-12-05,33.91682815551758,35.16291020048162,33.47875127607946,34.52039868184486,15580600,27.963476371765136,1,1.0
2024-12-06,33.274314880371094,34.31596223114922,33.157495623226815,34.26728785014054,6768100,28.017679303487142,1,1.0
2024-12-09,33.00173568725586,33.5663651967958,32.91412031516654,33.48848692917045,6917700,28.06192413330078,1,1.0
2024-12-10,32.55392074584961,33.293784690992304,32.40789760582574,33.09908345734332,6559200,28.1058757909139,1,1.0
2024-12-11,32.690216064453125,33.16723021467074,32.51498531558455,32.55392259363073,8156600,28.14958225250244,1,1.0
2024-12-12,32.3494873046875,32.875179540679504,32.3494873046875,32.73888978622616,5285900,28.190376154581706,1,1.0
2024-12-13,32.14505386352539,32.50524875843752,31.97955650297608,32.26187312686657,5863800,28.229294357299803,1,1.0
2024-12-16,31.82379722595215,32.42737148461361,31.765389449294133,32.125584355282875,4297000,28.262096557617188,1,1.0
2024-12-17,31.94062042236328,32.242403840115976,31.551217911796343,31.64856668262929,5417500,28.294716059366863,1,1.0
2024-12-18,31.6096248626709,32.82650289140178,31.58041726472177,31.94061583503038,8729500,28.32743657430013,1,1.0
2024-12-19,31.911413192749023,32.20346693589241,31.49280678876896,31.911413192749023,7319300,28.360822881062827,1,1.0
2024-12-20,32.39816665649414,32.55392693028045,31.668039676817493,31.668039676817493,15017800,28.398223419189453,1,1.0
2024-12-23,32.962799072265625,32.98226957016088,32.32028749619317,32.34949138622718,4774100,28.43720873514811,1,1.0
2024-12-24,33.43981170654297,33.47875270050928,32.86544504320135,32.94332703113398,2272300,28.480848477681477,1,1.0
2024-12-26,33.45938873291016,33.5768271274168,33.02879248592752,33.12665408150248,2954500,28.525195655822753,1,1.0
2024-12-27,33.31258773803711,33.498526214891335,33.07771474285002,33.165791649397725,2827100,28.576448656717936,1,1.0
2024-12-30,32.84284973144531,33.214726733283,32.500326724683106,32.9700690426729,5015800,28.623352127075194,1,1.0
2024-12-31,32.90156555175781,33.22451549886054,32.81348863283708,32.82327703115057,3324600,28.672698300679524,1,1.0
2025-01-02,32.65690612792969,33.14622148863122,32.54925615126656,32.91135220607525,3418600,28.726887664794923,1,1.0
2025-01-03,32.891780853271484,32.97006937379934,31.65870398963161,32.70583861730508,5561700,28.778796780904134,1,1.0
2025-01-06,33.10707473754883,33.674678539968625,33.03856716154595,33.1853632436987,5035200,28.827461751302085,1,1.0
2025-01-07,32.1773796081543,33.60617958511632,31.87400273639661,33.224514195821804,8371200,28.864480107625326,1,1.0
2025-01-08,32.1773796081543,32.1773796081543,31.47276428442289,31.971864316612645,5679400,28.90079335530599,1,1.0
2025-01-10,32.412254333496094,32.86242738430762,31.991442748220923,32.34375046921229,9648900,28.934441731770832,1,1.0
2025-01-13,31.96208000183105,32.28502993980408,31.57062621032073,32.03058385536836,7559900,28.968999137878416,1,1.0
2025-01-14,32.42204284667969,32.500331377629536,32.02080432596255,32.24588898556674,6697800,29.00726399739583,1,1.0
2025-01-15,32.099090576171875,32.95049835560219,31.97186752258976,32.95049835560219,5951800,29.030875994364422,1,1.0
2025-01-16,31.47276496887207,31.619561075568534,30.53328033891889,31.48254963383447,9664400,29.06088929494222,1,1.0
2025-01-17,31.414043426513672,31.639131768769538,31.179174153208105,31.31618185149965,10466500,29.08801113128662,1,1.0
2025-01-21,32.55904769897461,32.61776689188434,31.64892074136547,31.66849380566871,8090600,29.122958641052247,1,1.0
2025-01-22,31.17917823791504,33.01900520801216,31.140032109509075,32.94071295120024,12015500,29.14889933268229,1,1.0
2025-01-23,31.2476806640625,31.560842210598526,31.130244150816463,31.3846883740245,13108900,29.172796719868977,1,1.0
2025-01-24,31.4825496673584,31.49233806551129,31.07152654125873,31.34554195865851,6471400,29.1992919921875,1,1.0
2025-01-27,31.883790969848636,32.19695250474043,31.24767950218593,31.384687207053595,7026800,29.230848897298177,1,1.0
2025-01-28,31.16938781738281,31.70763581627665,31.032378251644246,31.697847418806138,7684400,29.25570795694987,1,1.0
2025-01-29,30.973663330078125,31.453192180800244,30.787722962136066,31.26725367944823,9683700,29.278423614501953,1,1.0
2025-01-30,30.591997146606445,32.38289132557006,30.288622139948675,30.621356740769457,17452000,29.29846581776937,1,1.0
2025-01-31,30.053749084472656,30.797508669750695,29.858024056719486,30.621356704749847,11303400,29.315306739807127,1,1.0
2025-02-03,29.82866477966309,30.239689768880847,29.30999167734331,29.52528977013737,10246900,29.330518112182617,1,1.0
2025-02-04,30.132043838500977,30.14182850409993,29.495932312339946,29.681872690752712,9775000,29.34684892018636,1,1.0
2025-02-05,30.229900360107425,30.670284901849776,29.926525379457043,30.13203878780009,7703400,29.367057367960612,1,1.0
2025-02-06,30.425630569458008,30.640928665334695,30.092895960727635,30.415844037837697,7366300,29.387409578959147,1,1.0
2025-02-07,30.337554931640625,30.54306650456912,30.15161455618856,30.48434917895957,5575700,29.40530398050944,1,1.0
2025-02-10,29.486143112182617,30.327766138392665,29.427425790950984,30.26904881716103,6131800,29.42810115814209,0,1.0
2025-02-11,29.13384056091309,29.613369448623185,28.957686711021584,29.53507905607032,7409700,29.445904947916667,-1,0.0
2025-02-12,29.241485595703125,29.2512721270624,28.761956758638657,29.0164009742098,7807400,29.46365229288737,-1,0.0
2025-02-13,29.29042053222656,29.41764171661899,28.664097409205095,29.21213014184888,10098900,29.480693804423016,-1,0.0
2025-02-14,29.6329402923584,29.69165761572452,29.17298263731865,29.44699992401063,7018600,29.50427609761556,0,0.0
2025-02-18,29.358922958374023,30.190759482179296,29.15341139362863,30.171186418892106,9750500,29.52241933186849,-1,0.0
2025-02-19,29.554649353027344,29.809091705052687,29.10447823806477,29.163195560332927,7730600,29.540706329345703,0,0.0
2025-02-20,29.955886840820312,29.955886840820312,29.407852295426128,29.525288802750584,7798500,29.555217717488606,1,1.0
2025-02-21,29.172983169555664,30.68007547397209,29.045761988843022,30.0439658372287,10258700,29.567025451660157,-1,0.0
2025-02-24,29.62315368652344,29.965674827383225,29.261059482393936,29.48614411022549,17429400,29.587704277038576,0,0.0
2025-02-25,29.60358047485352,29.80909203838515,29.280632398882357,29.62315353802511,9553300,29.609736251831055,0,0.0
2025-02-26,30.034177780151367,30.24947586988152,29.66229705555656,29.750373971034804,8528800,29.631542612711588,1,1.0
2025-02-27,29.98524475097656,30.454988916555468,29.554648576865024,30.21033123584165,6893400,29.656119016011555,1,1.0
2025-02-28,30.396270751953125,30.484347669300732,29.82866498826299,29.975459228312328,6484800,29.687112375895182,1,1.0
2025-03-03,29.955886840820312,30.57242337115132,29.53507533391012,29.877596458133997,8206800,29.705687599182127,1,1.0
2025-03-04,28.820676803588867,29.672084524666825,28.722813353676788,29.672084524666825,11171600,29.722177696228027,-1,0.0
2025-03-05,29.30999183654785,29.417639950234587,28.595589967333897,28.996828427250897,10285200,29.747864367167153,-1,0.0
2025-03-06,28.89896774291992,29.495931252279973,28.703240839352308,28.947898535516774,7332100,29.766101977030438,-1,0.0
2025-03-07,28.576017379760746,28.722811612434835,27.93990592718978,28.380290491801997,27553900,29.782831649780274,-1,0.0
2025-03-10,27.57781410217285,28.28242755151108,27.05913914645792,28.03776987050045,14082400,29.796647923787436,-1,0.0
2025-03-11,29.877595901489254,32.040370716113145,28.947895991144115,31.59019775752149,41161500,29.8342462793986,0,0.0
2025-03-12,29.631488800048828,30.163082632610223,28.84393980834913,29.94650764566453,21634500,29.878912099202473,-1,0.0
2025-03-13,30.517480850219727,31.058919275530396,29.552735132044848,30.044952565112908,19473900,29.92535622914632,1,1.0
2025-03-14,31.23611640930176,31.40347040392251,30.399346436198,30.990007704133617,16207300,29.976720275878908,1,1.0
2025-03-17,31.629892349243164,31.974443039900795,31.10814120992377,31.206585069109,15046000,30.024904034932455,1,1.0
2025-03-18,31.88584327697754,32.25992956074816,31.40347043961892,31.8169331398778,10328600,30.074084561665853,1,1.0
2025-03-19,33.07700729370117,33.22467401366797,31.757864530797526,31.915373946279125,13433600,30.130883661905923,1,1.0
2025-03-20,33.61845016479492,33.89409070908193,32.96872334231786,33.165607299482424,14059000,30.191034342447917,1,1.0
2025-03-21,34.287864685058594,34.346928367583644,33.15576320260074,33.244362481708926,21663000,30.255905825297038,1,1.0
2025-03-24,34.29771041870117,34.45521984492226,33.785803844652385,34.25833212331566,16493500,30.313360328674317,1,1.0
2025-03-25,34.13035583496094,34.69148717717631,33.85471526745387,34.455221151226624,9624800,30.371053746541342,1,1.0
2025-03-26,33.85470962524414,34.38630527854465,33.480623377885955,34.25832771267887,8862400,30.424329312642417,1,1.0
2025-03-27,33.401878356933594,34.02207343069295,33.37234650995693,33.91378498468339,8042400,30.475940602620444,1,1.0
2025-03-28,33.06716537475586,33.864558921725816,32.83089936832451,33.79564878554183,10683700,30.524933446248372,1,1.0
2025-03-31,33.05732345581055,33.36249585027623,32.25992989010297,32.38790746973228,10676700,30.571602999369304,1,1.0
2025-04-01,31.098297119140625,32.64385953606907,30.80296741465944,32.21070955318473,17825800,30.59714922587077,1,1.0
2025-04-02,31.36409568786621,31.560983413739045,30.724211517609756,30.74390066572914,10174700,30.624338417053224,1,1.0
2025-04-03,28.410791397094727,30.527326025440765,28.40094682292021,30.32059372309709,18933600,30.625968945821125,-1,0.0
2025-04-04,25.467330932617188,27.682309391817217,25.15231019674058,27.564176381155924,23120200,30.61075013478597,-1,0.0
2025-04-07,25.555927276611328,26.5698958271155,24.11865332658953,24.699470026299824,19196900,30.59573492685954,-1,0.0
2025-04-08,24.36476325988769,26.412387733491027,24.03989982486228,25.930014868008477,18258300,30.571617546081544,-1,0.0
2025-04-09,28.105613708496094,28.607675698241817,23.94145481889152,24.19740810058505,28873500,30.5681818262736,-1,0.0
2025-04-10,25.388574600219727,27.623240187412648,24.79791333987316,27.071957220664032,13581000,30.54591860453288,-1,0.0
2025-04-11,25.7823486328125,25.831569623075303,24.60102608990102,25.2704420723735,13413700,30.52433353424072,-1,0.0
2025-04-14,25.162155151367188,26.048146172916496,24.788070720992337,25.998925179698407,12196600,30.49932772318522,-1,0.0
2025-04-15,25.408262252807617,26.21549850714418,25.103087983459496,25.112932557007557,8975700,30.475767936706543,-1,0.0
2025-04-16,24.47304916381836,25.674058916131752,24.187562177132698,25.61499335524036,11604600,30.449088592529296,-1,0.0
2025-04-17,24.35491752624512,24.748691083640505,23.902078404655526,24.48289510593639,11520700,30.424477322896323,-1,0.0
2025-04-21,23.66581344604492,24.3352275314742,23.44923658877453,24.039897843127765,10956100,30.394882621765138,-1,0.0
2025-04-22,24.36476325988769,24.38445240810997,23.69534724161459,24.09896539186857,9964200,30.37118069966634,-1,0.0
2025-04-23,25.122777938842773,26.13674463733013,24.866824651339616,25.240909069899324,15331300,30.353440793355308,-1,0.0
2025-04-24,26.04814338684082,26.274564813343662,24.246627813902805,24.266316960148327,22090000,30.342518997192382,-1,0.0
2025-04-25,26.07767868041992,26.17612253992989,25.48701740102058,25.96939024719292,10540100,30.32880869547526,-1,0.0
2025-04-28,26.23518943786621,26.983360179439988,25.851260431692243,26.06783543149233,14991400,30.315888862609864,-1,0.0
2025-04-29,26.835695266723636,26.97351555016414,26.08752452667703,26.15643466839728,26757500,30.30632340749105,-1,0.0
2025-04-30,27.524797439575195,27.74137430776528,26.19581189734911,26.57974088708905,15887100,30.297522862752277,-1,0.0
2025-05-01,28.135149002075195,28.52892258143716,27.701997125946765,27.74137542271323,15584000,30.292012519836426,-1,0.0
2025-05-02,29.38537979125977,29.582265628923,28.341879406429424,28.755340228820344,13782100,30.303663482666014,-1,0.0
2025-05-05,29.611799240112305,30.113861222438253,29.168802821101053,29.188491968092755,11880600,30.306829261779786,-1,0.0
2025-05-06,29.37553596496582,29.710243962933887,29.109738105815808,29.23771568732972,9472100,30.311015955607097,-1,0.0
2025-05-07,29.808687210083008,30.09417233326684,29.30662522345584,29.36569078727656,8138300,30.317441342671714,-1,0.0
2025-05-08,30.58639144897461,30.9703204516722,30.044953015546696,30.16308414976417,8522500,30.327428932189942,1,1.0
2025-05-09,30.694679260253903,30.960477123309158,30.52732525881103,30.763589400084417,7154100,30.34015032450358,1,1.0
2025-05-12,30.78327751159668,32.26977244902356,30.59623436859618,31.50191448515068,12506900,30.347361755371093,1,1.0
2025-05-13,30.802967071533203,31.21642790213697,30.72421048171102,30.96047649585667,11198900,30.349901847839355,1,1.0
2025-05-14,30.891565322875977,32.02366504522162,30.586391039627788,30.78327876423594,14419900,30.354395497639974,1,1.0
2025-05-15,31.354248046875,31.53144472963536,30.82265236561295,31.04907379151734,8258800,30.364375,1,1.0
2025-05-16,32.16148376464844,32.299307793908504,31.305026522796787,31.462535943773197,10105500,30.37993076324463,1,1.0
2025-05-19,32.082733154296875,32.358373721269906,31.482227271687563,31.876002729067103,10637900,30.396778742472332,1,1.0
2025-05-20,31.99413299560547,32.378061990701376,31.816934420127208,32.0925749796174,7045000,30.411348635355633,1,1.0
2025-05-21,31.26565170288086,32.04335427395564,30.99000926326699,31.688957119832164,9982100,30.422684504191082,1,1.0
2025-05-22,30.72420883178711,31.34440379970851,29.84806247133028,31.17704981064436,17704200,30.429631945292154,1,1.0
2025-05-23,30.468259811401367,30.724211223864256,30.025263371253107,30.104018085317183,9083300,30.432147267659506,0,1.0
2025-05-27,32.151641845703125,32.250083827946824,30.950632012321712,30.980163855930645,13846200,30.451206932067873,1,1.0
2025-05-28,32.3780632019043,32.72261766947716,32.08273348349979,32.35837405330118,12112800,30.465999959309897,1,1.0
2025-05-29,33.185298919677734,33.79565124940601,32.919501051309815,33.07701048197365,13344400,30.489679171244305,1,1.0
2025-05-30,32.860435485839844,33.09669774068654,32.56510578962106,32.81121449569019,19814600,30.510868123372397,1,1.0
2025-06-02,32.594635009765625,33.0770059318652,32.318994482851586,32.92934297329862,13046200,30.528727467854818,1,1.0
2025-06-03,32.09257125854492,32.44696836840978,31.96459744523192,32.43712567327822,11261000,30.554337641398114,1,1.0
2025-06-04,31.76771354675293,32.20086353547234,31.66926780705239,31.935065671262365,9864300,30.575121205647786,1,1.0
2025-06-05,31.95475578308105,32.397752236793494,31.67911521424714,31.688957910853592,10255100,30.591505406697593,1,1.0
2025-06-06,32.95887756347656,33.00809855377159,32.32883987493024,32.456817453953974,9190600,30.6098460261027,1,1.0
2025-06-09,33.04747772216797,33.29358643547295,32.64385958256063,33.145919705361585,9748100,30.62592170715332,1,1.0
2025-06-10,33.82518005371094,34.08113144728785,32.99825467822448,33.09669665529543,10755400,30.652958183288575,1,1.0
2025-06-11,32.968727111816406,34.04176132446066,32.72261838190094,33.91378373341469,11325800,30.674090283711752,1,1.0
2025-06-12,32.0728874206543,32.65370034454208,31.90553155275317,32.47650553635372,10415800,30.693793131510418,1,1.0
2025-06-13,31.23611640930176,31.94491068188866,30.91125299358623,31.167206272280342,12160600,30.70324469248454,1,1.0
2025-06-16,31.69880104064941,32.1713292899799,31.364093061291896,31.5314451733103,10310300,30.71084841410319,1,1.0
2025-06-17,30.950632095336918,31.482225935988453,30.67498966239805,31.20658538071005,12669000,30.714308026631674,1,1.0
2025-06-18,30.851621627807617,31.316969543467074,30.613997039696045,31.010038019882003,8961500,30.71373275756836,0,1.0
2025-06-20,31.079345703125,31.465487320510192,30.831819848494256,30.99023624438014,17650900,30.709029337565106,1,1.0
2025-06-23,31.56449508666992,31.772417779550555,30.41597531100952,30.98033582684419,10929000,30.711584078470867,1,1.0
2025-06-24,31.54469490051269,32.366478757777244,31.40607914047364,32.099150386779456,10884400,30.71173526763916,1,1.0
2025-06-25,31.02984046936035,31.70311107835805,30.92092849188356,31.653604775653896,7059800,30.708194541931153,1,1.0
2025-06-26,31.20805931091309,31.3763769627783,31.10904859420313,31.188256789876625,6318900,30.704673741658528,1,1.0
2025-06-27,31.841724395751957,32.09914961145153,31.148651277714368,31.435782162992663,21619300,30.707129656473796,1,1.0
2025-06-30,32.11894989013672,32.18825681940807,31.71300768571409,32.079348628370504,9701000,30.71123903910319,1,1.0
2025-07-01,33.07935333251953,33.227870348312024,31.86152664463272,31.891228537013376,15871600,30.725580228169758,1,1.0
2025-07-02,33.65361404418945,33.762522238489204,33.06945292501585,33.37638254185563,9172200,30.743620007832845,1,1.0
2025-07-03,33.74272537231445,33.90114176376897,33.52490141771023,33.663515288114844,3733400,30.761085662841797,1,1.0
2025-07-07,33.47539520263672,34.109060734364625,32.93083534542259,33.66351347707329,8574800,30.77378370920817,1,1.0
2025-07-08,33.64371490478516,34.13876663165418,33.49520165289142,33.722924994017774,7706500,30.790654207865398,1,1.0
2025-07-09,34.19817352294922,34.48530442532739,33.78232811658344,33.980349558807866,9786300,30.808625081380207,1,1.0
2025-07-10,36.9803581237793,37.47540979224726,34.93084451847748,35.198172872683514,23739200,30.845143852233885,1,1.0
2025-07-11,36.76253890991211,37.13877546829007,36.46550865652887,36.92095529684615,10378100,30.876056912740072,1,1.0
2025-07-14,37.32690048217773,37.366505526285664,36.76254182294687,36.831848761663295,10601000,30.910862159729003,1,1.0
2025-07-15,36.76253890991211,37.297191855224106,36.6833288279728,37.01006475055558,9849600,30.93431166330973,1,1.0
2025-07-16,37.03976821899414,37.22788650618828,36.40610264429312,37.01996569766664,8705800,30.95513126373291,1,1.0
2025-07-17,36.10906982421875,37.584321677795565,35.940750293312874,37.25758954136395,15297200,30.97402963002523,1,1.0
2025-07-18,36.14867401123047,36.39619986492183,35.821941848369164,36.287291661931256,8191300,30.995009218851724,1,1.0
2025-07-21,36.495208740234375,36.91105031897463,36.1981785015707,36.2377797636333,9188800,31.021284472147624,1,1.0
2025-07-22,36.80214309692383,37.04966895722688,36.48531029789152,36.48531029789152,10725300,31.04869731903076,1,1.0
2025-07-23,37.0694694519043,37.47541168952196,36.98035999599092,37.17838142879228,12692500,31.080163866678873,1,1.0
2025-07-24,32.93083953857422,35.89125055669236,32.07935373248371,35.742733526369435,44107100,31.085402437845865,1,1.0
2025-07-25,32.88133239746094,33.059551308309885,32.297171251221535,33.019946266577975,16999800,31.09245267232259,1,1.0
2025-07-28,32.19816207885742,32.73281880567582,31.80211921967091,32.673411243714455,15894400,31.09416961669922,1,1.0
2025-07-29,30.792217254638672,32.51499700763236,30.782315993656404,32.32687871438655,13281700,31.08872023264567,-1,0.0
2025-07-30,30.40607452392578,31.049643245050635,30.14864930164268,31.049643245050635,11884200,31.078684641520184,-1,0.0
2025-07-31,30.623897552490234,30.98033537019033,30.069440193768543,30.198152801008963,13500800,31.06685618082682,-1,0.0
2025-08-01,29.50507926940918,30.01003220785965,29.049632631868924,29.980330315785803,12572500,31.043804715474447,-1,0.0
2025-08-04,29.455575942993164,29.88132070415671,29.316962072278468,29.683299270159413,7020300,31.017243143717447,-1,0.0
2025-08-05,29.62389373779297,29.93082526233952,29.24765527755582,29.554586802102364,9324500,30.99167317708333,-1,0.0
2025-08-06,29.41596984863281,29.94072530802517,29.26745472268321,29.633793795933023,8836000,30.965695724487304,-1,0.0
2025-08-07,29.267454147338867,29.772407076418887,29.06943461278953,29.63379321338713,6313300,30.941859753926597,-1,0.0
2025-08-08,29.32686424255371,29.713003973507025,29.20805100077524,29.643697035999757,7086000,30.918028411865233,-1,0.0
2025-08-11,28.772403717041016,29.633794489257813,28.693195522116557,29.30706044913537,7961200,30.89213172912598,-1,0.0
2025-08-12,30.41597557067871,30.574391962572427,29.039732457924924,29.089236872214578,12196500,30.875626360575357,-1,0.0
2025-08-13,30.66349983215332,30.84171873592853,30.099141229179985,30.326864544682863,7877000,30.859335861206056,-1,0.0
2025-08-14,30.396175384521484,30.51498673595076,29.920924313387243,30.21795646890519,5812700,30.847461166381837,-1,0.0
2025-08-15,31.188257217407227,31.455585589646944,30.445679664611816,30.564492903986924,7885000,30.840867017110188,1,1.0
2025-08-18,31.00013732910156,31.10904930883164,30.71300832136644,31.0298411113386,8090700,30.831452903747557,1,1.0
2025-08-19,31.277366638183597,31.40607924958952,30.911027548305796,31.03974204818409,5219600,30.82688814798991,1,1.0
2025-08-20,30.87142372131348,31.346672890953617,30.79221552637345,30.920928134973867,5368800,30.816550687154134,0,1.0
2025-08-21,30.76251220703125,30.80211724933215,30.247657987953755,30.69320527147704,4871900,30.807640164693197,0,1.0
2025-08-22,32.44568634033203,32.54469516183103,30.91102505695871,30.91102505695871,8447700,30.814126307169598,1,1.0
2025-08-25,32.19816207885742,32.46549044226662,32.09914947558848,32.09914947558848,7783200,30.819353764851886,1,1.0
2025-08-26,33.069454193115234,33.17836239159124,32.168460274105385,32.20806153857637,8181800,30.822756474812824,1,1.0
2025-08-27,32.86153030395508,33.307077586871735,32.7031139119119,33.03974921712174,5190100,30.833972155253093,1,1.0
2025-08-28,32.65361022949219,33.01994743612619,32.22786545815613,33.01994743612619,5208300,30.843345019022625,1,1.0
2025-08-29,32.57440185546875,32.7427176127055,32.30707349667107,32.69321320039731,3666000,30.850624033610025,1,1.0
2025-09-02,31.930835723876957,32.61400573315277,31.39617896342899,32.00014266205226,7200600,30.850937665303547,1,1.0
2025-09-03,32.1897087097168,33.205279169526,31.980617099150216,32.020444434319444,4369700,30.857739804585776,1,1.0
2025-09-04,30.984956741333008,32.53818664702725,30.765910207827364,32.22953051328235,10494900,30.85781509399414,0,1.0
2025-09-05,31.2537841796875,31.72174585543348,30.85552033793588,31.094478642986854,8027900,30.862227007548015,1,1.0
2025-09-08,31.57239532470703,31.721745927390497,31.06461011224173,31.13430604732239,9332500,30.872351315816243,1,1.0
2025-09-09,30.85552024841309,31.54252656036126,30.50703867573956,31.472830625640917,6896100,30.879197018941245,0,1.0
2025-09-10,30.975000381469727,31.293611454269005,30.447299605226046,30.67630107641656,7513600,30.8848167292277,0,1.0
2025-09-11,31.582351684570312,31.70183178511108,30.46721294185805,31.2139583477905,11511900,30.893833071390787,1,1.0
2025-09-12,31.522613525390625,32.319141222548154,31.40313532035291,31.731703232814368,10397700,30.901146291097007,1,1.0
2025-09-15,31.293611526489254,31.65204993375156,31.05465322133832,31.622179433455766,8911000,30.907520001729328,1,1.0
2025-09-16,31.433002471923828,31.572394337727637,30.57673381267932,31.373263372161016,8161900,30.920499064127604,1,1.0
2025-09-17,31.980615615844727,32.4884046203411,31.423046242839437,31.602265444644797,10892500,30.939477564493814,1,1.0
2025-09-18,32.129966735839844,32.25940367215576,31.50269951938661,32.06027080047211,9021300,30.95873410542806,1,1.0
2025-09-19,32.37887954711914,32.60788100373458,31.84122197168637,32.349010947865104,22410900,30.97932383219401,1,1.0
2025-09-22,32.15983581542969,32.30918642094904,31.771528798851783,32.110053546304464,10781200,30.99616980234782,1,1.0
2025-09-23,33.1953239440918,33.265019880955705,32.10009882353576,32.11005375816902,12691400,31.02174580891927,1,1.0
2025-09-24,32.91653823852539,33.75289322928364,32.82692863958189,33.2351493018482,8455100,31.04415840148926,1,1.0
2025-09-25,31.79144096374512,32.73731922499921,31.52261216540068,32.73731922499921,9892700,31.056395428975424,1,1.0
2025-09-26,32.38883590698242,32.458531840406295,31.861137040160685,32.00052890700842,6824700,31.077834447224934,1,1.0
2025-09-29,32.61783599853516,32.91653718420843,32.26935634610747,32.61783599853516,9139200,31.09779899597168,1,1.0
2025-09-30,31.771528244018555,32.74727513477925,30.63647581595292,32.68753793212966,10283400,31.112251981099448,1,1.0
2025-10-01,32.13991928100586,32.40874806807275,31.67195953613035,31.851178727508277,8546700,31.12629025777181,1,1.0
2025-10-02,32.16979217529297,32.43862096651275,31.70183052411668,32.139919777506286,7438900,31.140853907267253,1,1.0
2025-10-03,32.37887954711914,33.34467143652876,32.36892081527223,32.60788100373458,9214100,31.154071299235024,1,1.0
2025-10-06,32.438621520996094,32.56805465375838,31.63213513355123,32.398794188695334,6908500,31.17062286376953,1,1.0
2025-10-07,32.24944305419922,32.61783637648331,31.95074566320824,32.428662248422484,8065900,31.193481305440265,1,1.0
2025-10-08,32.30918502807617,32.55810016111506,31.970660295217545,32.51827282827439,7688800,31.213475926717123,1,1.0
2025-10-09,31.542526245117188,33.58362959469286,31.33343654397405,33.384496726849086,10590300,31.231099650065104,1,1.0
2025-10-10,31.15421867370605,32.48840392634394,30.925215310140047,31.711788034800897,7987400,31.248287658691407,0,1.0
2025-10-13,31.761571884155277,32.17974940058421,31.423047137566527,31.5923095108609,4892700,31.276179377237955,1,1.0
2025-10-14,33.27497482299805,33.48406643178003,31.2836555583292,31.383221996330604,11028900,31.298828570048013,1,1.0
2025-10-15,33.41436767578125,33.732978731247535,33.10571155411056,33.60354180304455,7429100,31.324047762552897,1,1.0
2025-10-16,33.14554214477539,33.902242526378195,32.69749411704964,33.52389043650492,11017200,31.34156817118327,1,1.0
2025-10-17,33.374542236328125,33.65332597612964,33.04597243029612,33.08579976402307,8264400,31.355824343363444,1,1.0
2025-10-20,34.28059387207031,34.51955028290749,33.4541937724112,33.633412979610924,7636000,31.37349568684896,1,1.0
2025-10-21,34.52950668334961,34.82820407579271,33.91219823254808,33.97193543215065,9405000,31.391120109558106,1,1.0
2025-10-22,33.61349868774414,34.5992043090262,33.28493267941252,34.21089730002356,10576400,31.394696718851726,1,1.0
2025-10-23,31.51265525817871,33.00614794578093,30.88538996258748,32.677578149195355,27807800,31.38065808614095,0,1.0
2025-10-24,32.06026840209961,32.28926985805435,31.24382520853077,31.910917809973625,15189600,31.365807444254557,1,1.0
2025-10-27,32.11005401611328,32.59792937622352,31.731703827639077,32.319141828384645,9621300,31.351223068237303,1,1.0
2025-10-28,30.95508575439453,32.0403558743708,30.89534665486578,32.01048727414229,11384700,31.330054601033527,-1,0.0
2025-10-29,30.526952743530277,30.99491252499372,30.32781987108057,30.885391154311016,10919900,31.307869555155435,-1,0.0
2025-10-30,29.95942497253418,30.63647442487398,29.919597640480443,30.35768879771297,6580200,31.284919865926106,-1,0.0
2025-10-31,30.168514251708984,30.25812385416345,29.79016407395707,29.86981684290862,8462500,31.265595525105795,-1,0.0
2025-11-03,30.297950744628903,30.626518649127966,29.620901268916477,30.02912194120101,8815200,31.24719970703125,-1,0.0
2025-11-04,29.541248321533203,30.039078591933784,29.133027651730472,29.89968672392459,12954900,31.236819381713868,-1,0.0
2025-11-05,31.4827880859375,31.512656687657092,29.6706842517662,29.6706842517662,9061800,31.237610664367676,1,1.0
2025-11-06,31.37326431274414,31.83126725644304,30.91525946997344,31.45291708117316,7749500,31.25736048380534,0,1.0
2025-11-07,32.30918502807617,32.3290986944965,30.71612779681295,31.024782030041077,8647100,31.302972844441733,1,1.0
2025-11-10,32.518272399902344,33.43428205245323,32.32909826861649,32.60788199854163,7819100,31.349388478597007,1,1.0
2025-11-11,31.85118103027344,32.65766555070937,31.65205005806812,32.65766555070937,7650900,31.399297930399577,1,1.0
2025-11-12,33.1953239440918,33.33471581781962,31.89100721480033,31.89100721480033,8948800,31.433229331970214,1,1.0
2025-11-13,32.89662551879883,33.65332586642636,32.72736125008282,33.09575838864089,7849200,31.483283004760743,1,1.0
2025-11-14,32.67757797241211,32.93645183465059,32.27931224503451,32.40874917615375,7673600,31.529251200358072,1,1.0
2025-11-17,31.711788177490234,32.687536937636324,31.43300254615253,32.65766453907676,5773700,31.572915420532226,0,1.0
2025-11-18,31.82131004333496,32.12000744661197,31.39317760505705,31.52261264005795,7093400,31.615669072469075,1,1.0
2025-11-19,31.78148460388184,32.82692931332223,31.64209273558516,32.20961704208902,5614400,31.664391975402832,0,1.0
2025-11-20,31.024782180786133,32.51827298627611,31.014825347527587,32.229530518993606,7806000,31.70885773976644,-1,0.0
2025-11-21,32.65766525268555,33.09575832512604,31.17413126233184,31.38322096517191,7111200,31.768803418477376,1,1.0
2025-11-24,33.135581970214844,33.28493257234016,32.6477104264735,32.87671189776036,6136600,31.82727554321289,1,1.0
2025-11-25,34.21089553833008,34.57928886147193,32.8866652443908,33.155494036351634,7179100,31.88786299387614,1,1.0
2025-11-26,34.907859802246094,35.236425804493884,34.08145973324505,34.21089666656376,4766200,31.946927769978842,1,1.0
2025-11-28,34.65894317626953,35.18664202287851,34.62907077870101,34.89789956795748,2546100,32.00413619995117,1,1.0
2025-12-01,34.619117736816406,34.95764247532695,34.13124239673162,34.38015753392632,6694000,32.060029055277504,1,1.0
2025-12-02,35.27625274658203,35.5749501448088,34.29054715447586,34.69876781828592,7239000,32.11629943847656,1,1.0
2025-12-03,35.525169372558594,35.61477897561056,35.13686235871461,35.266295497900174,6539400,32.16963525136312,1,1.0
2025-12-04,35.65460586547852,36.13252247641758,34.96759765126194,35.49530032849883,10861300,32.219764963785806,1,1.0
2025-12-05,37.68574905395508,38.00436011558386,35.15677422704451,35.15677422704451,15212300,32.275100758870444,1,1.0
2025-12-08,37.78532028198242,38.20349590813267,37.21779404755351,37.93466709211734,12448300,32.32959089914958,1,1.0
2025-12-09,37.98445129394531,38.53206383382062,37.38705268832752,37.43683495592645,8837400,32.38698366800944,1,1.0
2025-12-10,39.65716171264648,39.67707158137203,37.92471067646719,38.034233945175664,17176500,32.4526401646932,1,1.0
2025-12-11,40.56321334838867,40.96147529804647,39.59742137876352,39.756726918255374,22816800,32.51915231068929,1,1.0
2025-12-12,40.9913444519043,42.01687743695593,40.91169358015736,41.22034972876804,20008600,32.587796745300295,1,1.0
2025-12-15,41.53895950317383,41.77791590902896,40.73247308758969,41.42943623459706,18835600,32.65950129191081,1,1.0
2025-12-16,41.987003326416016,43.351061006653225,41.7380881903624,42.44501006334378,12565100,32.734061533610024,1,1.0
2025-12-17,40.80216979980469,42.64414413756904,40.80216979980469,41.987004513589184,12332900,32.800132230122884,1,1.0
2025-12-18,40.553253173828125,41.64848204226901,40.493512174338925,41.07099710830396,10585500,32.861458930969235,1,1.0
2025-12-19,41.08095169067383,41.17056129006848,40.513425493888896,40.72251709123873,17197900,32.92092205047607,1,1.0
2025-12-22,42.05670166015625,42.156266192009134,41.10086468290877,41.210387946833,7295900,32.98741517384847,1,1.0
2025-12-23,41.37965393066406,42.47487901919454,41.21038966169854,41.847611807617625,8845300,33.049985313415526,1,1.0
2025-12-24,41.29999923706055,41.5489143750357,41.14069370068219,41.29999923706055,2013300,33.11688096364339,1,1.0
2025-12-26,41.27999877929688,41.630001068115234,41.11000061035156,41.16999816894531,5291000,33.18725289662679,1,1.0
2025-12-29,41.119998931884766,41.70000076293945,40.970001220703125,41.18000030517578,4953500,33.258264490763345,1,1.0
2025-12-30,41.27000045776367,41.56999969482422,41.02000045776367,41.119998931884766,6535800,33.31905354817708,1,1.0
2025-12-31,41.33000183105469,41.65999984741211,41.220001220703125,41.34000015258789,6352100,33.37873313903808,1,1.0
2026-01-02,41.29999923706055,41.84000015258789,40.84999847412109,41.5099983215332,6338700,33.43283114115397,1,1.0
2026-01-05,42.43999862670898,42.79999923706055,41.119998931884766,41.130001068115234,7849900,33.49669489542643,1,1.0
2026-01-06,42.47999954223633,43.20000076293945,42.150001525878906,42.52000045776367,7993200,33.562597325642905,1,1.0
2026-01-07,42.63999938964844,43.18999862670898,42.43999862670898,42.58000183105469,10053400,33.632913513183595,1,1.0
2026-01-08,42.91999816894531,43.380001068115234,42.540000915527344,42.65999984741211,8238400,33.70726207733154,1,1.0
2026-01-09,44.52000045776367,45.02000045776367,43.869998931884766,44.20000076293945,12343400,33.79103037516276,1,1.0
2026-01-12,43.84999847412109,44.0099983215332,43.16999816894531,43.9900016784668,8381800,33.86363784790039,1,1.0
2026-01-13,43.20000076293945,44.43000030517578,42.900001525878906,43.29999923706055,7418300,33.93132133483887,1,1.0
2026-01-14,42.54999923706055,43.720001220703125,41.75,43.119998931884766,8868400,33.9894867960612,1,1.0
2026-01-15,43.09999847412109,43.40999984741211,42.540000915527344,43.0099983215332,7874600,34.05702860514323,1,1.0
2026-01-16,43.119998931884766,43.310001373291016,42.619998931884766,43.060001373291016,6841900,34.1306760152181,1,1.0
2026-01-20,42.380001068115234,43.13999938964844,41.86000061035156,42.470001220703125,9655100,34.20496857961019,1,1.0
2026-01-21,42.84999847412109,43.470001220703125,42.34999847412109,42.84999847412109,11975200,34.279309895833336,1,1.0
2026-01-22,42.43999862670898,43.90999984741211,42.2400016784668,43.119998931884766,10195500,34.35590567270915,1,1.0
2026-01-23,41.95000076293945,42.43000030517578,41.7599983215332,41.810001373291016,7012900,34.42989486694336,1,1.0
2026-01-26,42.02999877929688,42.40999984741211,41.709999084472656,41.869998931884766,6183500,34.502899220784506,1,1.0
2026-01-27,41.34000015258789,42.5,41.20000076293945,42.04999923706055,7890600,34.568069254557294,1,1.0
2026-01-28,40.86000061035156,42.02000045776367,40.68000030517578,41.88999938964844,10626300,34.63017129262288,1,1.0
2026-01-29,48.5,49.119998931884766,42.68000030517578,43.380001068115234,34535300,34.74663902282715,1,1.0
2026-01-30,47.52000045776367,49.84999847412109,47.29999923706055,48.540000915527344,14685000,34.855385297139485,1,1.0
2026-02-02,49.63999938964844,49.79999923706055,48.09999847412109,48.77000045776367,13003200,34.97404046376546,1,1.0
2026-02-03,51.18999862670898,51.209999084472656,49.93000030517578,50.0,10884600,35.10118078867595,1,1.0
2026-02-04,52.59000015258789,52.77000045776367,50.86000061035156,51.54999923706055,12376600,35.2312517674764,1,1.0
2026-02-05,52.5099983215332,52.970001220703125,51.880001068115234,52.52999877929688,7803300,35.356960995992026,1,1.0
2026-02-06,54.2599983215332,54.70000076293945,52.66999816894531,52.84999847412109,14795400,35.49374281565348,1,1.0
2026-02-09,53.36000061035156,54.25,53.09999847412109,53.81999969482422,8403300,35.62630685170492,1,1.0
2026-02-10,54.06999969482422,54.54999923706055,53.18999862670898,53.27000045776367,8464700,35.76248208363851,1,1.0
2026-02-11,51.43000030517578,54.70000076293945,51.22999954223633,54.2400016784668,10556400,35.877360928853356,1,1.0
2026-02-12,50.83000183105469,52.7400016784668,49.79999923706055,52.209999084472656,13189800,35.969691886901856,1,1.0
2026-02-13,51.11000061035156,51.720001220703125,50.209999084472656,51.08000183105469,9161900,36.06534163157145,1,1.0
2026-02-17,54.2599983215332,55.11000061035156,52.63999938964844,52.66999816894531,12962200,36.17822895050049,1,1.0
2026-02-18,54.79999923706055,54.88999938964844,53.150001525878906,53.68000030517578,13316600,36.29847868601481,1,1.0
2026-02-19,52.08000183105469,54.70000076293945,52.0,54.310001373291016,9750000,36.39874691009521,1,1.0
2026-02-20,52.09000015258789,52.40999984741211,51.29999923706055,52.18000030517578,7074600,36.50528644561768,1,1.0
2026-02-23,50.900001525878906,52.369998931884766,50.25,51.869998931884766,8914300,36.603628629048664,1,1.0
2026-02-24,50.63999938964844,51.43000030517578,50.16999816894531,50.68000030517578,9321300,36.697927233378095,1,1.0
2026-02-25,49.88999938964844,50.79999923706055,49.400001525878906,50.709999084472656,10173300,36.78517960866292,1,1.0
